run_id,method,step,best_reward
1,eata,1,0.027685055333125846
1,eata,2,0.043811204413042856
1,eata,3,0.09026548259712881
1,eata,4,0.10633437193182971
1,eata,5,0.1689107899499644
1,eata,6,0.23722169310252894
1,eata,7,0.23722169310252894
1,eata,8,0.23722169310252894
1,eata,9,0.2951458713490973
1,eata,10,0.3169960282125412
1,eata,11,0.33436283710658127
1,eata,12,0.33436283710658127
1,eata,13,0.37749345626665437
1,eata,14,0.4215528022740308
1,eata,15,0.4215528022740308
1,eata,16,0.4292347258654063
1,eata,17,0.4292347258654063
1,eata,18,0.44356544546555543
1,eata,19,0.4455920925731598
1,eata,20,0.5117163564554252
1,eata,21,0.5117163564554252
1,eata,22,0.560849086747686
1,eata,23,0.5734762015447774
1,eata,24,0.5786514830098225
1,eata,25,0.5786514830098225
1,eata,26,0.5974218963237644
1,eata,27,0.626004401168092
1,eata,28,0.644237161095795
1,eata,29,0.644237161095795
1,eata,30,0.6518382910040373
1,eata,31,0.6518382910040373
1,eata,32,0.6654521258314237
1,eata,33,0.7326871184879815
1,eata,34,0.7326871184879815
1,eata,35,0.7326871184879815
1,eata,36,0.7584768496452069
1,eata,37,0.7584768496452069
1,eata,38,0.7584768496452069
1,eata,39,0.7631142858255631
1,eata,40,0.7703401963114956
1,eata,41,0.7703401963114956
1,eata,42,0.7870455708914514
1,eata,43,0.8332561518611579
1,eata,44,0.8332561518611579
1,eata,45,0.8332561518611579
1,eata,46,0.8332561518611579
1,eata,47,0.8332561518611579
1,eata,48,0.887184856593068
1,eata,49,0.887184856593068
1,eata,50,0.887184856593068
1,eata,51,0.887184856593068
1,eata,52,0.887184856593068
1,eata,53,0.887184856593068
1,eata,54,0.887184856593068
1,eata,55,0.887184856593068
1,eata,56,0.8910351618254356
1,eata,57,0.9188062157814084
1,eata,58,0.9188062157814084
1,eata,59,0.9188062157814084
1,eata,60,0.9188062157814084
1,eata,61,0.9188062157814084
1,eata,62,0.9188062157814084
1,eata,63,0.9188062157814084
1,eata,64,0.9188062157814084
1,eata,65,0.9341628206708157
1,eata,66,0.9448901432746882
1,eata,67,0.9448901432746882
1,eata,68,0.9448901432746882
1,eata,69,0.9448901432746882
1,eata,70,0.9448901432746882
1,eata,71,0.9448901432746882
1,eata,72,0.9448901432746882
1,eata,73,0.968457536843822
1,eata,74,0.968457536843822
1,eata,75,0.968457536843822
1,eata,76,0.968457536843822
1,eata,77,0.968457536843822
1,eata,78,0.9880313198055539
1,eata,79,0.9880313198055539
1,eata,80,0.9880313198055539
1,eata,81,0.9880313198055539
1,eata,82,0.9880313198055539
1,eata,83,0.9880313198055539
1,eata,84,0.9880313198055539
1,eata,85,0.9880313198055539
1,eata,86,0.9880313198055539
1,eata,87,0.9934938898521908
1,eata,88,0.9934938898521908
1,eata,89,0.9934938898521908
1,eata,90,0.9934938898521908
1,eata,91,0.9934938898521908
1,eata,92,0.9970129967109915
1,eata,93,0.9970129967109915
1,eata,94,0.9970129967109915
1,eata,95,0.9970129967109915
1,eata,96,0.9970129967109915
1,eata,97,0.9970129967109915
1,eata,98,0.9970129967109915
1,eata,99,0.9970129967109915
1,eata,100,0.9970129967109915
1,eata,101,0.9970129967109915
1,eata,102,1.0433853598916
1,eata,103,1.0433853598916
1,eata,104,1.0433853598916
1,eata,105,1.0433853598916
1,eata,106,1.0433853598916
1,eata,107,1.0433853598916
1,eata,108,1.0433853598916
1,eata,109,1.0433853598916
1,eata,110,1.0433853598916
1,eata,111,1.0433853598916
1,eata,112,1.0433853598916
1,eata,113,1.0433853598916
1,eata,114,1.0433853598916
1,eata,115,1.0433853598916
1,eata,116,1.0433853598916
1,eata,117,1.0433853598916
1,eata,118,1.0433853598916
1,eata,119,1.0433853598916
1,eata,120,1.0433853598916
1,eata,121,1.0433853598916
1,eata,122,1.0433853598916
1,eata,123,1.0433853598916
1,eata,124,1.0433853598916
1,eata,125,1.0433853598916
1,eata,126,1.0433853598916
1,eata,127,1.0433853598916
1,eata,128,1.0433853598916
1,eata,129,1.0433853598916
1,eata,130,1.0433853598916
1,eata,131,1.0433853598916
1,eata,132,1.0433853598916
1,eata,133,1.0433853598916
1,eata,134,1.0433853598916
1,eata,135,1.0433853598916
1,eata,136,1.0433853598916
1,eata,137,1.0433853598916
1,eata,138,1.0433853598916
1,eata,139,1.0433853598916
1,eata,140,1.0433853598916
1,eata,141,1.0433853598916
1,eata,142,1.0433853598916
1,eata,143,1.0433853598916
1,eata,144,1.0433853598916
1,eata,145,1.0433853598916
1,eata,146,1.0433853598916
1,eata,147,1.0433853598916
1,eata,148,1.0433853598916
1,eata,149,1.0433853598916
1,eata,150,1.0433853598916
1,eata,151,1.0433853598916
1,eata,152,1.0433853598916
1,eata,153,1.0433853598916
1,eata,154,1.0433853598916
1,eata,155,1.0433853598916
1,eata,156,1.0433853598916
1,eata,157,1.0464477313796168
1,eata,158,1.0464477313796168
1,eata,159,1.0464477313796168
1,eata,160,1.0464477313796168
1,eata,161,1.0464477313796168
1,eata,162,1.0464477313796168
1,eata,163,1.0464477313796168
1,eata,164,1.0464477313796168
1,eata,165,1.0464477313796168
1,eata,166,1.0464477313796168
1,eata,167,1.0464477313796168
1,eata,168,1.0464477313796168
1,eata,169,1.0464477313796168
1,eata,170,1.0464477313796168
1,eata,171,1.0464477313796168
1,eata,172,1.0464477313796168
1,eata,173,1.0464477313796168
1,eata,174,1.0464477313796168
1,eata,175,1.0464477313796168
1,eata,176,1.0464477313796168
1,eata,177,1.0464477313796168
1,eata,178,1.0464477313796168
1,eata,179,1.0464477313796168
1,eata,180,1.0464477313796168
1,eata,181,1.0464477313796168
1,eata,182,1.0464477313796168
1,eata,183,1.0464477313796168
1,eata,184,1.0464477313796168
1,eata,185,1.0464477313796168
1,eata,186,1.0464477313796168
1,eata,187,1.0464477313796168
1,eata,188,1.0464477313796168
1,eata,189,1.0464477313796168
1,eata,190,1.0464477313796168
1,eata,191,1.0464477313796168
1,eata,192,1.0464477313796168
1,eata,193,1.0464477313796168
1,eata,194,1.0464477313796168
1,eata,195,1.0464477313796168
1,eata,196,1.0464477313796168
1,eata,197,1.0464477313796168
1,eata,198,1.0464477313796168
1,eata,199,1.0464477313796168
1,eata,200,1.0464477313796168
1,gp,1,0.07347687451262527
1,gp,2,0.07836399221145396
1,gp,3,0.07836399221145396
1,gp,4,0.07836399221145396
1,gp,5,0.10629820047142999
1,gp,6,0.10629820047142999
1,gp,7,0.11163206383291471
1,gp,8,0.15179748509394106
1,gp,9,0.15179748509394106
1,gp,10,0.15179748509394106
1,gp,11,0.1762584578975363
1,gp,12,0.18314932137426881
1,gp,13,0.18748357415226596
1,gp,14,0.20876196787806583
1,gp,15,0.20876196787806583
1,gp,16,0.20876196787806583
1,gp,17,0.23916558755913767
1,gp,18,0.23916558755913767
1,gp,19,0.23916558755913767
1,gp,20,0.2934962760468517
1,gp,21,0.2934962760468517
1,gp,22,0.31204098262998603
1,gp,23,0.31204098262998603
1,gp,24,0.31204098262998603
1,gp,25,0.31204098262998603
1,gp,26,0.3134709165748458
1,gp,27,0.3554327116865191
1,gp,28,0.3554327116865191
1,gp,29,0.3786203411859926
1,gp,30,0.3870080063865184
1,gp,31,0.44624858368241194
1,gp,32,0.44624858368241194
1,gp,33,0.44624858368241194
1,gp,34,0.44624858368241194
1,gp,35,0.44624858368241194
1,gp,36,0.44624858368241194
1,gp,37,0.44624858368241194
1,gp,38,0.46334003330826556
1,gp,39,0.46334003330826556
1,gp,40,0.46334003330826556
1,gp,41,0.46334003330826556
1,gp,42,0.5036910546312307
1,gp,43,0.5036910546312307
1,gp,44,0.5036910546312307
1,gp,45,0.5036910546312307
1,gp,46,0.5036910546312307
1,gp,47,0.5036910546312307
1,gp,48,0.5036910546312307
1,gp,49,0.5523740942244889
1,gp,50,0.5523740942244889
1,gp,51,0.5523740942244889
1,gp,52,0.5523740942244889
1,gp,53,0.5681253361182736
1,gp,54,0.5681253361182736
1,gp,55,0.5681253361182736
1,gp,56,0.5681253361182736
1,gp,57,0.5681253361182736
1,gp,58,0.5830312230663284
1,gp,59,0.5830312230663284
1,gp,60,0.5830312230663284
1,gp,61,0.5830312230663284
1,gp,62,0.592019065670033
1,gp,63,0.592019065670033
1,gp,64,0.617822929839858
1,gp,65,0.617822929839858
1,gp,66,0.617822929839858
1,gp,67,0.617822929839858
1,gp,68,0.617822929839858
1,gp,69,0.6558960790625372
1,gp,70,0.6558960790625372
1,gp,71,0.6558960790625372
1,gp,72,0.6558960790625372
1,gp,73,0.6558960790625372
1,gp,74,0.6558960790625372
1,gp,75,0.6558960790625372
1,gp,76,0.6558960790625372
1,gp,77,0.6558960790625372
1,gp,78,0.6558960790625372
1,gp,79,0.6558960790625372
1,gp,80,0.6558960790625372
1,gp,81,0.6780541750497818
1,gp,82,0.6780541750497818
1,gp,83,0.6780541750497818
1,gp,84,0.6963116839984522
1,gp,85,0.6963116839984522
1,gp,86,0.6963116839984522
1,gp,87,0.6963116839984522
1,gp,88,0.7074104339456725
1,gp,89,0.7074104339456725
1,gp,90,0.7074104339456725
1,gp,91,0.7074104339456725
1,gp,92,0.7074104339456725
1,gp,93,0.7074104339456725
1,gp,94,0.7074104339456725
1,gp,95,0.7074104339456725
1,gp,96,0.7074104339456725
1,gp,97,0.7249376313752328
1,gp,98,0.7249376313752328
1,gp,99,0.7249376313752328
1,gp,100,0.7249376313752328
1,gp,101,0.7249376313752328
1,gp,102,0.736779161677229
1,gp,103,0.736779161677229
1,gp,104,0.736779161677229
1,gp,105,0.736779161677229
1,gp,106,0.736779161677229
1,gp,107,0.736779161677229
1,gp,108,0.736779161677229
1,gp,109,0.736779161677229
1,gp,110,0.736779161677229
1,gp,111,0.736779161677229
1,gp,112,0.736779161677229
1,gp,113,0.736779161677229
1,gp,114,0.736779161677229
1,gp,115,0.736779161677229
1,gp,116,0.736779161677229
1,gp,117,0.736779161677229
1,gp,118,0.736779161677229
1,gp,119,0.7587321405223767
1,gp,120,0.7587321405223767
1,gp,121,0.7587321405223767
1,gp,122,0.7587321405223767
1,gp,123,0.7587321405223767
1,gp,124,0.7587321405223767
1,gp,125,0.7587321405223767
1,gp,126,0.7810531551066721
1,gp,127,0.7810531551066721
1,gp,128,0.7810531551066721
1,gp,129,0.7810531551066721
1,gp,130,0.7810531551066721
1,gp,131,0.7810531551066721
1,gp,132,0.7810531551066721
1,gp,133,0.7810531551066721
1,gp,134,0.7810531551066721
1,gp,135,0.7810531551066721
1,gp,136,0.7810531551066721
1,gp,137,0.7810531551066721
1,gp,138,0.7810531551066721
1,gp,139,0.7904240413179041
1,gp,140,0.7904240413179041
1,gp,141,0.7904240413179041
1,gp,142,0.7904240413179041
1,gp,143,0.7904240413179041
1,gp,144,0.7904240413179041
1,gp,145,0.7904240413179041
1,gp,146,0.7904240413179041
1,gp,147,0.7904240413179041
1,gp,148,0.7904240413179041
1,gp,149,0.7904240413179041
1,gp,150,0.7904240413179041
1,gp,151,0.7904240413179041
1,gp,152,0.7904240413179041
1,gp,153,0.7904240413179041
1,gp,154,0.7904240413179041
1,gp,155,0.7904240413179041
1,gp,156,0.7904240413179041
1,gp,157,0.7904240413179041
1,gp,158,0.7994981446348874
1,gp,159,0.7994981446348874
1,gp,160,0.7994981446348874
1,gp,161,0.7994981446348874
1,gp,162,0.7994981446348874
1,gp,163,0.7994981446348874
1,gp,164,0.7994981446348874
1,gp,165,0.7994981446348874
1,gp,166,0.7994981446348874
1,gp,167,0.7994981446348874
1,gp,168,0.7994981446348874
1,gp,169,0.7994981446348874
1,gp,170,0.7994981446348874
1,gp,171,0.7994981446348874
1,gp,172,0.8169252191271583
1,gp,173,0.8169252191271583
1,gp,174,0.8169252191271583
1,gp,175,0.8169252191271583
1,gp,176,0.8169252191271583
1,gp,177,0.8169252191271583
1,gp,178,0.8169252191271583
1,gp,179,0.8169252191271583
1,gp,180,0.8169252191271583
1,gp,181,0.8169252191271583
1,gp,182,0.8169252191271583
1,gp,183,0.8169252191271583
1,gp,184,0.8169252191271583
1,gp,185,0.8169252191271583
1,gp,186,0.8169252191271583
1,gp,187,0.8169252191271583
1,gp,188,0.8169252191271583
1,gp,189,0.8169252191271583
1,gp,190,0.8169252191271583
1,gp,191,0.8169252191271583
1,gp,192,0.8169252191271583
1,gp,193,0.8169252191271583
1,gp,194,0.8169252191271583
1,gp,195,0.8169252191271583
1,gp,196,0.8169252191271583
1,gp,197,0.8169252191271583
1,gp,198,0.8169252191271583
1,gp,199,0.8169252191271583
1,gp,200,0.8169252191271583
1,random,1,-0.022488918489156618
1,random,2,0.0349790427144993
1,random,3,0.0349790427144993
1,random,4,0.0349790427144993
1,random,5,0.06707571565084447
1,random,6,0.06707571565084447
1,random,7,0.07724157097944229
1,random,8,0.07724157097944229
1,random,9,0.07724157097944229
1,random,10,0.07724157097944229
1,random,11,0.13304640076160978
1,random,12,0.13304640076160978
1,random,13,0.13304640076160978
1,random,14,0.13304640076160978
1,random,15,0.13304640076160978
1,random,16,0.13304640076160978
1,random,17,0.13304640076160978
1,random,18,0.13304640076160978
1,random,19,0.13304640076160978
1,random,20,0.13304640076160978
1,random,21,0.13304640076160978
1,random,22,0.13304640076160978
1,random,23,0.13304640076160978
1,random,24,0.13304640076160978
1,random,25,0.13304640076160978
1,random,26,0.13304640076160978
1,random,27,0.13304640076160978
1,random,28,0.13304640076160978
1,random,29,0.13304640076160978
1,random,30,0.13304640076160978
1,random,31,0.14450617815313968
1,random,32,0.17644605576970823
1,random,33,0.17644605576970823
1,random,34,0.17644605576970823
1,random,35,0.17644605576970823
1,random,36,0.17644605576970823
1,random,37,0.19502503556426165
1,random,38,0.19502503556426165
1,random,39,0.22189224200279895
1,random,40,0.22189224200279895
1,random,41,0.22189224200279895
1,random,42,0.22189224200279895
1,random,43,0.22189224200279895
1,random,44,0.22189224200279895
1,random,45,0.22189224200279895
1,random,46,0.22189224200279895
1,random,47,0.22189224200279895
1,random,48,0.22189224200279895
1,random,49,0.22189224200279895
1,random,50,0.22189224200279895
1,random,51,0.24785182051034962
1,random,52,0.24785182051034962
1,random,53,0.24785182051034962
1,random,54,0.24785182051034962
1,random,55,0.2516264109833551
1,random,56,0.2516264109833551
1,random,57,0.2516264109833551
1,random,58,0.2516264109833551
1,random,59,0.2777359466162968
1,random,60,0.2777359466162968
1,random,61,0.2777359466162968
1,random,62,0.2777359466162968
1,random,63,0.2777359466162968
1,random,64,0.2777359466162968
1,random,65,0.2777359466162968
1,random,66,0.2777359466162968
1,random,67,0.28560864186413754
1,random,68,0.28560864186413754
1,random,69,0.2866956449283485
1,random,70,0.2866956449283485
1,random,71,0.2866956449283485
1,random,72,0.2866956449283485
1,random,73,0.3404292078395675
1,random,74,0.3404292078395675
1,random,75,0.3404292078395675
1,random,76,0.3404292078395675
1,random,77,0.3404292078395675
1,random,78,0.3404292078395675
1,random,79,0.3573805028540955
1,random,80,0.3573805028540955
1,random,81,0.3573805028540955
1,random,82,0.3573805028540955
1,random,83,0.3573805028540955
1,random,84,0.3573805028540955
1,random,85,0.3573805028540955
1,random,86,0.3573805028540955
1,random,87,0.3573805028540955
1,random,88,0.3573805028540955
1,random,89,0.36581914690759104
1,random,90,0.36581914690759104
1,random,91,0.36581914690759104
1,random,92,0.36581914690759104
1,random,93,0.36581914690759104
1,random,94,0.36581914690759104
1,random,95,0.36581914690759104
1,random,96,0.36581914690759104
1,random,97,0.36581914690759104
1,random,98,0.3852961309867986
1,random,99,0.3852961309867986
1,random,100,0.3852961309867986
1,random,101,0.3852961309867986
1,random,102,0.3852961309867986
1,random,103,0.3852961309867986
1,random,104,0.3852961309867986
1,random,105,0.3852961309867986
1,random,106,0.3852961309867986
1,random,107,0.3852961309867986
1,random,108,0.3852961309867986
1,random,109,0.3852961309867986
1,random,110,0.40606052223111166
1,random,111,0.4251914858214506
1,random,112,0.4251914858214506
1,random,113,0.4251914858214506
1,random,114,0.4251914858214506
1,random,115,0.4251914858214506
1,random,116,0.4251914858214506
1,random,117,0.4251914858214506
1,random,118,0.4251914858214506
1,random,119,0.4251914858214506
1,random,120,0.4251914858214506
1,random,121,0.4251914858214506
1,random,122,0.4251914858214506
1,random,123,0.4251914858214506
1,random,124,0.4251914858214506
1,random,125,0.4251914858214506
1,random,126,0.4251914858214506
1,random,127,0.4251914858214506
1,random,128,0.4251914858214506
1,random,129,0.4251914858214506
1,random,130,0.4251914858214506
1,random,131,0.4251914858214506
1,random,132,0.4251914858214506
1,random,133,0.4251914858214506
1,random,134,0.4251914858214506
1,random,135,0.4251914858214506
1,random,136,0.4251914858214506
1,random,137,0.4251914858214506
1,random,138,0.4251914858214506
1,random,139,0.4251914858214506
1,random,140,0.4251914858214506
1,random,141,0.4251914858214506
1,random,142,0.4251914858214506
1,random,143,0.4251914858214506
1,random,144,0.4251914858214506
1,random,145,0.42935516147540653
1,random,146,0.42935516147540653
1,random,147,0.42935516147540653
1,random,148,0.42935516147540653
1,random,149,0.4440179779327487
1,random,150,0.4440179779327487
1,random,151,0.4440179779327487
1,random,152,0.4440179779327487
1,random,153,0.4440179779327487
1,random,154,0.4451190549078597
1,random,155,0.4451190549078597
1,random,156,0.4451190549078597
1,random,157,0.45629175471319483
1,random,158,0.45629175471319483
1,random,159,0.45629175471319483
1,random,160,0.45629175471319483
1,random,161,0.45790353034309345
1,random,162,0.47796990932640276
1,random,163,0.47796990932640276
1,random,164,0.47796990932640276
1,random,165,0.47796990932640276
1,random,166,0.47796990932640276
1,random,167,0.47796990932640276
1,random,168,0.47796990932640276
1,random,169,0.47796990932640276
1,random,170,0.47796990932640276
1,random,171,0.47796990932640276
1,random,172,0.47796990932640276
1,random,173,0.49267267220815997
1,random,174,0.49267267220815997
1,random,175,0.49267267220815997
1,random,176,0.5098885372745069
1,random,177,0.5098885372745069
1,random,178,0.5098885372745069
1,random,179,0.5098885372745069
1,random,180,0.5098885372745069
1,random,181,0.5098885372745069
1,random,182,0.5098885372745069
1,random,183,0.5098885372745069
1,random,184,0.5098885372745069
1,random,185,0.5098885372745069
1,random,186,0.5098885372745069
1,random,187,0.5098885372745069
1,random,188,0.5098885372745069
1,random,189,0.5098885372745069
1,random,190,0.5098885372745069
1,random,191,0.5098885372745069
1,random,192,0.5098885372745069
1,random,193,0.5098885372745069
1,random,194,0.5098885372745069
1,random,195,0.5098885372745069
1,random,196,0.5098885372745069
1,random,197,0.5098885372745069
1,random,198,0.5098885372745069
1,random,199,0.5098885372745069
1,random,200,0.5098885372745069
2,eata,1,-0.03818681727566481
2,eata,2,0.04799704724263797
2,eata,3,0.11268450858913598
2,eata,4,0.12408567706284608
2,eata,5,0.12408567706284608
2,eata,6,0.16359398350020846
2,eata,7,0.21128610471150508
2,eata,8,0.21128610471150508
2,eata,9,0.23174274981572052
2,eata,10,0.27417327785153445
2,eata,11,0.3000675266631426
2,eata,12,0.35170009922085804
2,eata,13,0.3551717775294941
2,eata,14,0.3551717775294941
2,eata,15,0.3692424998824122
2,eata,16,0.4024484311381713
2,eata,17,0.4024484311381713
2,eata,18,0.41328560988656055
2,eata,19,0.45870583787119085
2,eata,20,0.5067585572193483
2,eata,21,0.5067585572193483
2,eata,22,0.5067585572193483
2,eata,23,0.5067585572193483
2,eata,24,0.5495883612903679
2,eata,25,0.5495883612903679
2,eata,26,0.581313575461978
2,eata,27,0.581313575461978
2,eata,28,0.581313575461978
2,eata,29,0.581313575461978
2,eata,30,0.611852257297645
2,eata,31,0.6314287180167377
2,eata,32,0.6314287180167377
2,eata,33,0.6314287180167377
2,eata,34,0.643533424503823
2,eata,35,0.643533424503823
2,eata,36,0.643533424503823
2,eata,37,0.6950258949347696
2,eata,38,0.6950258949347696
2,eata,39,0.697470671035312
2,eata,40,0.697470671035312
2,eata,41,0.731235912315758
2,eata,42,0.731235912315758
2,eata,43,0.7499074856370215
2,eata,44,0.7499074856370215
2,eata,45,0.7499074856370215
2,eata,46,0.7499074856370215
2,eata,47,0.7499074856370215
2,eata,48,0.7747161956665439
2,eata,49,0.7747161956665439
2,eata,50,0.7747161956665439
2,eata,51,0.7765123244050117
2,eata,52,0.7765123244050117
2,eata,53,0.8140765446719869
2,eata,54,0.8140765446719869
2,eata,55,0.8140765446719869
2,eata,56,0.8400045691482844
2,eata,57,0.8761760048042102
2,eata,58,0.8761760048042102
2,eata,59,0.8761760048042102
2,eata,60,0.8761760048042102
2,eata,61,0.8761760048042102
2,eata,62,0.8761760048042102
2,eata,63,0.8761760048042102
2,eata,64,0.8761760048042102
2,eata,65,0.8761760048042102
2,eata,66,0.8761760048042102
2,eata,67,0.8761760048042102
2,eata,68,0.8761760048042102
2,eata,69,0.8819473911697352
2,eata,70,0.8819473911697352
2,eata,71,0.8819473911697352
2,eata,72,0.8819473911697352
2,eata,73,0.8943274335962802
2,eata,74,0.8943274335962802
2,eata,75,0.8969948525995205
2,eata,76,0.8969948525995205
2,eata,77,0.8969948525995205
2,eata,78,0.8969948525995205
2,eata,79,0.9274550820480472
2,eata,80,0.9274550820480472
2,eata,81,0.9274550820480472
2,eata,82,0.9274550820480472
2,eata,83,0.9274550820480472
2,eata,84,0.9274550820480472
2,eata,85,0.9274550820480472
2,eata,86,0.9274550820480472
2,eata,87,0.9274550820480472
2,eata,88,0.9906935520727504
2,eata,89,0.9906935520727504
2,eata,90,0.9906935520727504
2,eata,91,0.9906935520727504
2,eata,92,0.9906935520727504
2,eata,93,0.9906935520727504
2,eata,94,0.9906935520727504
2,eata,95,0.9906935520727504
2,eata,96,0.9906935520727504
2,eata,97,0.9906935520727504
2,eata,98,0.9906935520727504
2,eata,99,0.9916069143963996
2,eata,100,0.9916069143963996
2,eata,101,0.9916069143963996
2,eata,102,0.9916069143963996
2,eata,103,0.9916069143963996
2,eata,104,0.9916069143963996
2,eata,105,0.9916069143963996
2,eata,106,0.9916069143963996
2,eata,107,0.9916069143963996
2,eata,108,0.9916069143963996
2,eata,109,0.9916069143963996
2,eata,110,0.9916069143963996
2,eata,111,0.9916069143963996
2,eata,112,0.9916069143963996
2,eata,113,0.9916069143963996
2,eata,114,0.9916069143963996
2,eata,115,0.9916069143963996
2,eata,116,0.9916069143963996
2,eata,117,0.9916069143963996
2,eata,118,0.9916069143963996
2,eata,119,1.0152321982398427
2,eata,120,1.0152321982398427
2,eata,121,1.0152321982398427
2,eata,122,1.0152321982398427
2,eata,123,1.0152321982398427
2,eata,124,1.0152321982398427
2,eata,125,1.0152321982398427
2,eata,126,1.0152321982398427
2,eata,127,1.0152321982398427
2,eata,128,1.0152321982398427
2,eata,129,1.0152321982398427
2,eata,130,1.0152321982398427
2,eata,131,1.0152321982398427
2,eata,132,1.0152321982398427
2,eata,133,1.0152321982398427
2,eata,134,1.0152321982398427
2,eata,135,1.0152321982398427
2,eata,136,1.0152321982398427
2,eata,137,1.0222478502905294
2,eata,138,1.0267504182518985
2,eata,139,1.0267504182518985
2,eata,140,1.0267504182518985
2,eata,141,1.0267504182518985
2,eata,142,1.0267504182518985
2,eata,143,1.0267504182518985
2,eata,144,1.0267504182518985
2,eata,145,1.0267504182518985
2,eata,146,1.0267504182518985
2,eata,147,1.0267504182518985
2,eata,148,1.0267504182518985
2,eata,149,1.0267504182518985
2,eata,150,1.0267504182518985
2,eata,151,1.0405490067456293
2,eata,152,1.0405490067456293
2,eata,153,1.0405490067456293
2,eata,154,1.0405490067456293
2,eata,155,1.0405490067456293
2,eata,156,1.0405490067456293
2,eata,157,1.0405490067456293
2,eata,158,1.0405490067456293
2,eata,159,1.0405490067456293
2,eata,160,1.0405490067456293
2,eata,161,1.0405490067456293
2,eata,162,1.0405490067456293
2,eata,163,1.0405490067456293
2,eata,164,1.0405490067456293
2,eata,165,1.0405490067456293
2,eata,166,1.0405490067456293
2,eata,167,1.0405490067456293
2,eata,168,1.0405490067456293
2,eata,169,1.0405490067456293
2,eata,170,1.0405490067456293
2,eata,171,1.0405490067456293
2,eata,172,1.0405490067456293
2,eata,173,1.0405490067456293
2,eata,174,1.0405490067456293
2,eata,175,1.0405490067456293
2,eata,176,1.0405490067456293
2,eata,177,1.0405490067456293
2,eata,178,1.0405490067456293
2,eata,179,1.0405490067456293
2,eata,180,1.0405490067456293
2,eata,181,1.0405490067456293
2,eata,182,1.0405490067456293
2,eata,183,1.0405490067456293
2,eata,184,1.0405490067456293
2,eata,185,1.0405490067456293
2,eata,186,1.0405490067456293
2,eata,187,1.0405490067456293
2,eata,188,1.0405490067456293
2,eata,189,1.0405490067456293
2,eata,190,1.0405490067456293
2,eata,191,1.0405490067456293
2,eata,192,1.0405490067456293
2,eata,193,1.0405490067456293
2,eata,194,1.0405490067456293
2,eata,195,1.0405490067456293
2,eata,196,1.0405490067456293
2,eata,197,1.0405490067456293
2,eata,198,1.0405490067456293
2,eata,199,1.0405490067456293
2,eata,200,1.0405490067456293
2,gp,1,-0.0276976817201865
2,gp,2,0.026727704664935556
2,gp,3,0.039223545864458614
2,gp,4,0.06824355443872666
2,gp,5,0.06824355443872666
2,gp,6,0.14012929344704575
2,gp,7,0.14012929344704575
2,gp,8,0.14012929344704575
2,gp,9,0.14012929344704575
2,gp,10,0.14012929344704575
2,gp,11,0.15595633889144656
2,gp,12,0.15595633889144656
2,gp,13,0.18648178545955435
2,gp,14,0.18648178545955435
2,gp,15,0.22429764321314244
2,gp,16,0.22429764321314244
2,gp,17,0.22962349619317435
2,gp,18,0.2712974326187377
2,gp,19,0.33000178440568306
2,gp,20,0.33000178440568306
2,gp,21,0.33000178440568306
2,gp,22,0.33000178440568306
2,gp,23,0.33000178440568306
2,gp,24,0.33000178440568306
2,gp,25,0.33000178440568306
2,gp,26,0.33000178440568306
2,gp,27,0.33000178440568306
2,gp,28,0.33000178440568306
2,gp,29,0.3359247118532722
2,gp,30,0.3359247118532722
2,gp,31,0.3359247118532722
2,gp,32,0.3631974156342547
2,gp,33,0.38814725763801583
2,gp,34,0.38814725763801583
2,gp,35,0.38814725763801583
2,gp,36,0.39311430916851664
2,gp,37,0.4384325151874254
2,gp,38,0.43845031462434414
2,gp,39,0.43845031462434414
2,gp,40,0.43845031462434414
2,gp,41,0.461689117179476
2,gp,42,0.461689117179476
2,gp,43,0.461689117179476
2,gp,44,0.461689117179476
2,gp,45,0.5121744222408308
2,gp,46,0.5121744222408308
2,gp,47,0.5156831901180137
2,gp,48,0.5156831901180137
2,gp,49,0.5207255745747716
2,gp,50,0.5207255745747716
2,gp,51,0.5207255745747716
2,gp,52,0.5837808868482702
2,gp,53,0.5837808868482702
2,gp,54,0.5837808868482702
2,gp,55,0.5837808868482702
2,gp,56,0.5837808868482702
2,gp,57,0.5837808868482702
2,gp,58,0.5837808868482702
2,gp,59,0.5837808868482702
2,gp,60,0.5837808868482702
2,gp,61,0.5837808868482702
2,gp,62,0.5837808868482702
2,gp,63,0.6012923316707721
2,gp,64,0.6012923316707721
2,gp,65,0.6012923316707721
2,gp,66,0.6012923316707721
2,gp,67,0.6041088154520848
2,gp,68,0.6448169337385876
2,gp,69,0.6448169337385876
2,gp,70,0.6448169337385876
2,gp,71,0.6448169337385876
2,gp,72,0.6501852010170537
2,gp,73,0.6501852010170537
2,gp,74,0.6501852010170537
2,gp,75,0.6501852010170537
2,gp,76,0.6501852010170537
2,gp,77,0.6501852010170537
2,gp,78,0.6501852010170537
2,gp,79,0.6501852010170537
2,gp,80,0.6501852010170537
2,gp,81,0.6501852010170537
2,gp,82,0.6501852010170537
2,gp,83,0.6501852010170537
2,gp,84,0.6600359302871514
2,gp,85,0.6600359302871514
2,gp,86,0.6600359302871514
2,gp,87,0.6615652848234719
2,gp,88,0.6615652848234719
2,gp,89,0.6615652848234719
2,gp,90,0.6615652848234719
2,gp,91,0.6854417393373822
2,gp,92,0.7231056534520509
2,gp,93,0.7231056534520509
2,gp,94,0.7231056534520509
2,gp,95,0.7231056534520509
2,gp,96,0.7231056534520509
2,gp,97,0.7231056534520509
2,gp,98,0.7231056534520509
2,gp,99,0.7231056534520509
2,gp,100,0.7231056534520509
2,gp,101,0.7231056534520509
2,gp,102,0.7231056534520509
2,gp,103,0.7231056534520509
2,gp,104,0.7231056534520509
2,gp,105,0.7231056534520509
2,gp,106,0.7231056534520509
2,gp,107,0.7231056534520509
2,gp,108,0.7231056534520509
2,gp,109,0.7231056534520509
2,gp,110,0.7231056534520509
2,gp,111,0.7231056534520509
2,gp,112,0.7231056534520509
2,gp,113,0.7231056534520509
2,gp,114,0.7231056534520509
2,gp,115,0.7265482348226066
2,gp,116,0.7265482348226066
2,gp,117,0.7265482348226066
2,gp,118,0.7265482348226066
2,gp,119,0.7365301608230153
2,gp,120,0.7365301608230153
2,gp,121,0.7391439831556627
2,gp,122,0.7391439831556627
2,gp,123,0.7391439831556627
2,gp,124,0.7447927272259607
2,gp,125,0.7447927272259607
2,gp,126,0.7447927272259607
2,gp,127,0.7447927272259607
2,gp,128,0.7447927272259607
2,gp,129,0.7482690167667877
2,gp,130,0.7482690167667877
2,gp,131,0.7482690167667877
2,gp,132,0.7482690167667877
2,gp,133,0.7482690167667877
2,gp,134,0.7482690167667877
2,gp,135,0.7482690167667877
2,gp,136,0.7482690167667877
2,gp,137,0.7482690167667877
2,gp,138,0.7482690167667877
2,gp,139,0.7482690167667877
2,gp,140,0.7482690167667877
2,gp,141,0.7482690167667877
2,gp,142,0.7577860668209349
2,gp,143,0.7577860668209349
2,gp,144,0.7577860668209349
2,gp,145,0.7627468347023844
2,gp,146,0.7627468347023844
2,gp,147,0.7962766264437535
2,gp,148,0.7962766264437535
2,gp,149,0.7962766264437535
2,gp,150,0.7962766264437535
2,gp,151,0.7962766264437535
2,gp,152,0.7962766264437535
2,gp,153,0.7962766264437535
2,gp,154,0.7962766264437535
2,gp,155,0.7962766264437535
2,gp,156,0.7962766264437535
2,gp,157,0.7962766264437535
2,gp,158,0.7962766264437535
2,gp,159,0.7962766264437535
2,gp,160,0.7962766264437535
2,gp,161,0.7962766264437535
2,gp,162,0.7962766264437535
2,gp,163,0.7962766264437535
2,gp,164,0.7962766264437535
2,gp,165,0.7962766264437535
2,gp,166,0.7962766264437535
2,gp,167,0.7962766264437535
2,gp,168,0.7962766264437535
2,gp,169,0.7962766264437535
2,gp,170,0.7962766264437535
2,gp,171,0.7962766264437535
2,gp,172,0.7962766264437535
2,gp,173,0.7962766264437535
2,gp,174,0.7962766264437535
2,gp,175,0.7962766264437535
2,gp,176,0.7962766264437535
2,gp,177,0.7962766264437535
2,gp,178,0.7962766264437535
2,gp,179,0.7962766264437535
2,gp,180,0.7962766264437535
2,gp,181,0.7962766264437535
2,gp,182,0.7962766264437535
2,gp,183,0.7962766264437535
2,gp,184,0.7962766264437535
2,gp,185,0.7962766264437535
2,gp,186,0.7962766264437535
2,gp,187,0.7962766264437535
2,gp,188,0.7962766264437535
2,gp,189,0.7962766264437535
2,gp,190,0.7962766264437535
2,gp,191,0.7962766264437535
2,gp,192,0.7962766264437535
2,gp,193,0.7962766264437535
2,gp,194,0.809996209069118
2,gp,195,0.809996209069118
2,gp,196,0.809996209069118
2,gp,197,0.809996209069118
2,gp,198,0.809996209069118
2,gp,199,0.809996209069118
2,gp,200,0.809996209069118
2,random,1,-0.0019551584800133956
2,random,2,-0.0019551584800133956
2,random,3,0.012891909669572477
2,random,4,0.012891909669572477
2,random,5,0.04352225849899533
2,random,6,0.04352225849899533
2,random,7,0.04352225849899533
2,random,8,0.04429059689074428
2,random,9,0.06506960807162587
2,random,10,0.06506960807162587
2,random,11,0.06506960807162587
2,random,12,0.06506960807162587
2,random,13,0.06506960807162587
2,random,14,0.06506960807162587
2,random,15,0.13924532328208003
2,random,16,0.13924532328208003
2,random,17,0.13924532328208003
2,random,18,0.13924532328208003
2,random,19,0.13924532328208003
2,random,20,0.13924532328208003
2,random,21,0.13924532328208003
2,random,22,0.14593294848141697
2,random,23,0.18663928481424952
2,random,24,0.18663928481424952
2,random,25,0.18663928481424952
2,random,26,0.18663928481424952
2,random,27,0.18663928481424952
2,random,28,0.18663928481424952
2,random,29,0.18814991882494805
2,random,30,0.18814991882494805
2,random,31,0.2246993852493242
2,random,32,0.2246993852493242
2,random,33,0.2246993852493242
2,random,34,0.2246993852493242
2,random,35,0.2246993852493242
2,random,36,0.2246993852493242
2,random,37,0.2246993852493242
2,random,38,0.2246993852493242
2,random,39,0.2246993852493242
2,random,40,0.2847964576130654
2,random,41,0.2847964576130654
2,random,42,0.2847964576130654
2,random,43,0.2847964576130654
2,random,44,0.2847964576130654
2,random,45,0.2847964576130654
2,random,46,0.2847964576130654
2,random,47,0.2847964576130654
2,random,48,0.2847964576130654
2,random,49,0.2847964576130654
2,random,50,0.2847964576130654
2,random,51,0.2847964576130654
2,random,52,0.2847964576130654
2,random,53,0.2847964576130654
2,random,54,0.2847964576130654
2,random,55,0.2905062189739495
2,random,56,0.2905062189739495
2,random,57,0.2905062189739495
2,random,58,0.33417040291708894
2,random,59,0.33417040291708894
2,random,60,0.33417040291708894
2,random,61,0.33417040291708894
2,random,62,0.33417040291708894
2,random,63,0.33417040291708894
2,random,64,0.33417040291708894
2,random,65,0.33417040291708894
2,random,66,0.33417040291708894
2,random,67,0.350460306305469
2,random,68,0.350460306305469
2,random,69,0.350460306305469
2,random,70,0.350460306305469
2,random,71,0.350460306305469
2,random,72,0.350460306305469
2,random,73,0.350460306305469
2,random,74,0.350460306305469
2,random,75,0.3630754402943261
2,random,76,0.3630754402943261
2,random,77,0.3630754402943261
2,random,78,0.3630754402943261
2,random,79,0.3630754402943261
2,random,80,0.3630754402943261
2,random,81,0.3630754402943261
2,random,82,0.3630754402943261
2,random,83,0.3732908939508064
2,random,84,0.3732908939508064
2,random,85,0.3732908939508064
2,random,86,0.41791618391343627
2,random,87,0.42833934412227903
2,random,88,0.42833934412227903
2,random,89,0.42833934412227903
2,random,90,0.4411998394985092
2,random,91,0.4411998394985092
2,random,92,0.4411998394985092
2,random,93,0.4411998394985092
2,random,94,0.4411998394985092
2,random,95,0.4411998394985092
2,random,96,0.4411998394985092
2,random,97,0.4411998394985092
2,random,98,0.4411998394985092
2,random,99,0.4411998394985092
2,random,100,0.4411998394985092
2,random,101,0.4411998394985092
2,random,102,0.4411998394985092
2,random,103,0.4411998394985092
2,random,104,0.4411998394985092
2,random,105,0.4411998394985092
2,random,106,0.4411998394985092
2,random,107,0.4411998394985092
2,random,108,0.4411998394985092
2,random,109,0.4411998394985092
2,random,110,0.4411998394985092
2,random,111,0.4411998394985092
2,random,112,0.4411998394985092
2,random,113,0.45127817363105704
2,random,114,0.45127817363105704
2,random,115,0.45127817363105704
2,random,116,0.45127817363105704
2,random,117,0.45127817363105704
2,random,118,0.45127817363105704
2,random,119,0.45127817363105704
2,random,120,0.4567434343441036
2,random,121,0.4567434343441036
2,random,122,0.4567434343441036
2,random,123,0.4567434343441036
2,random,124,0.4567434343441036
2,random,125,0.4567434343441036
2,random,126,0.46330474259906274
2,random,127,0.46330474259906274
2,random,128,0.46330474259906274
2,random,129,0.46330474259906274
2,random,130,0.4905680850950266
2,random,131,0.4905680850950266
2,random,132,0.4905680850950266
2,random,133,0.4905680850950266
2,random,134,0.5162023044896064
2,random,135,0.5162023044896064
2,random,136,0.5162023044896064
2,random,137,0.5162023044896064
2,random,138,0.5162023044896064
2,random,139,0.5162023044896064
2,random,140,0.5162023044896064
2,random,141,0.5162023044896064
2,random,142,0.5162023044896064
2,random,143,0.5162023044896064
2,random,144,0.5162023044896064
2,random,145,0.5264503071491123
2,random,146,0.5264503071491123
2,random,147,0.5264503071491123
2,random,148,0.5264503071491123
2,random,149,0.5264503071491123
2,random,150,0.5264503071491123
2,random,151,0.5264503071491123
2,random,152,0.5264503071491123
2,random,153,0.5264503071491123
2,random,154,0.5264503071491123
2,random,155,0.5264503071491123
2,random,156,0.5264503071491123
2,random,157,0.5264503071491123
2,random,158,0.5264503071491123
2,random,159,0.5264503071491123
2,random,160,0.5264503071491123
2,random,161,0.5264503071491123
2,random,162,0.5264503071491123
2,random,163,0.5264503071491123
2,random,164,0.5264503071491123
2,random,165,0.5264503071491123
2,random,166,0.5264503071491123
2,random,167,0.5264503071491123
2,random,168,0.5264503071491123
2,random,169,0.5264503071491123
2,random,170,0.5264503071491123
2,random,171,0.5264503071491123
2,random,172,0.5264503071491123
2,random,173,0.5264503071491123
2,random,174,0.5264503071491123
2,random,175,0.5264503071491123
2,random,176,0.5264503071491123
2,random,177,0.5264503071491123
2,random,178,0.5264503071491123
2,random,179,0.5264503071491123
2,random,180,0.5264503071491123
2,random,181,0.5264503071491123
2,random,182,0.5264503071491123
2,random,183,0.5266489466395077
2,random,184,0.5266489466395077
2,random,185,0.5345729543531539
2,random,186,0.5345729543531539
2,random,187,0.5345729543531539
2,random,188,0.5345729543531539
2,random,189,0.5345729543531539
2,random,190,0.5345729543531539
2,random,191,0.5345729543531539
2,random,192,0.5345729543531539
2,random,193,0.5345729543531539
2,random,194,0.5345729543531539
2,random,195,0.5345729543531539
2,random,196,0.5345729543531539
2,random,197,0.5345729543531539
2,random,198,0.5345729543531539
2,random,199,0.5345729543531539
2,random,200,0.5345729543531539
3,eata,1,0.05171523194336467
3,eata,2,0.11851656726082826
3,eata,3,0.11851656726082826
3,eata,4,0.11851656726082826
3,eata,5,0.13111593209030636
3,eata,6,0.14153488419682336
3,eata,7,0.17676479921923235
3,eata,8,0.27832703434630857
3,eata,9,0.27832703434630857
3,eata,10,0.27832703434630857
3,eata,11,0.33309852100154497
3,eata,12,0.3744508651832001
3,eata,13,0.3744508651832001
3,eata,14,0.3744508651832001
3,eata,15,0.3914663486132852
3,eata,16,0.4303564819245375
3,eata,17,0.4605775819770316
3,eata,18,0.4957569743860921
3,eata,19,0.5149500885884091
3,eata,20,0.5318171810474789
3,eata,21,0.5542061621549322
3,eata,22,0.5542061621549322
3,eata,23,0.5542061621549322
3,eata,24,0.5573756894765926
3,eata,25,0.5856600285244443
3,eata,26,0.5856600285244443
3,eata,27,0.631987179645362
3,eata,28,0.631987179645362
3,eata,29,0.631987179645362
3,eata,30,0.6871551209270866
3,eata,31,0.6871551209270866
3,eata,32,0.6871551209270866
3,eata,33,0.7070370605344279
3,eata,34,0.7221415273685236
3,eata,35,0.7221415273685236
3,eata,36,0.7221415273685236
3,eata,37,0.7221415273685236
3,eata,38,0.7221415273685236
3,eata,39,0.7221415273685236
3,eata,40,0.7551385492709459
3,eata,41,0.7936562019368789
3,eata,42,0.7936562019368789
3,eata,43,0.7936562019368789
3,eata,44,0.8431726610809134
3,eata,45,0.8431726610809134
3,eata,46,0.8431726610809134
3,eata,47,0.8431726610809134
3,eata,48,0.8431726610809134
3,eata,49,0.8431726610809134
3,eata,50,0.8481034492772752
3,eata,51,0.8481034492772752
3,eata,52,0.8481034492772752
3,eata,53,0.8481034492772752
3,eata,54,0.8711813588993308
3,eata,55,0.8711813588993308
3,eata,56,0.8711813588993308
3,eata,57,0.8711813588993308
3,eata,58,0.9534749167879182
3,eata,59,0.9534749167879182
3,eata,60,0.9534749167879182
3,eata,61,0.9534749167879182
3,eata,62,0.9534749167879182
3,eata,63,0.9534749167879182
3,eata,64,0.9534749167879182
3,eata,65,0.9534749167879182
3,eata,66,0.9534749167879182
3,eata,67,0.9534749167879182
3,eata,68,0.9534749167879182
3,eata,69,0.9534749167879182
3,eata,70,0.9534749167879182
3,eata,71,0.9615279690630932
3,eata,72,0.9615279690630932
3,eata,73,0.9615279690630932
3,eata,74,0.9739826672600319
3,eata,75,0.9739826672600319
3,eata,76,0.9739826672600319
3,eata,77,0.9739826672600319
3,eata,78,0.9739826672600319
3,eata,79,0.9891896991163035
3,eata,80,0.9891896991163035
3,eata,81,0.9891896991163035
3,eata,82,0.9891896991163035
3,eata,83,1.0018070534755605
3,eata,84,1.0018070534755605
3,eata,85,1.0018070534755605
3,eata,86,1.0018070534755605
3,eata,87,1.0018070534755605
3,eata,88,1.0018070534755605
3,eata,89,1.0018070534755605
3,eata,90,1.0018070534755605
3,eata,91,1.0132144356553974
3,eata,92,1.0132144356553974
3,eata,93,1.0132144356553974
3,eata,94,1.0132144356553974
3,eata,95,1.0132144356553974
3,eata,96,1.0132144356553974
3,eata,97,1.0132144356553974
3,eata,98,1.0132144356553974
3,eata,99,1.0132144356553974
3,eata,100,1.0132144356553974
3,eata,101,1.0132144356553974
3,eata,102,1.0132144356553974
3,eata,103,1.0132144356553974
3,eata,104,1.0132144356553974
3,eata,105,1.0132144356553974
3,eata,106,1.0132144356553974
3,eata,107,1.0311997479885935
3,eata,108,1.0311997479885935
3,eata,109,1.0311997479885935
3,eata,110,1.0311997479885935
3,eata,111,1.0311997479885935
3,eata,112,1.0430556755606974
3,eata,113,1.0430556755606974
3,eata,114,1.0430556755606974
3,eata,115,1.0430556755606974
3,eata,116,1.0430556755606974
3,eata,117,1.0735135992158789
3,eata,118,1.0735135992158789
3,eata,119,1.0735135992158789
3,eata,120,1.0735135992158789
3,eata,121,1.0735135992158789
3,eata,122,1.0735135992158789
3,eata,123,1.0735135992158789
3,eata,124,1.0735135992158789
3,eata,125,1.0735135992158789
3,eata,126,1.0735135992158789
3,eata,127,1.0735135992158789
3,eata,128,1.0735135992158789
3,eata,129,1.0735135992158789
3,eata,130,1.0735135992158789
3,eata,131,1.0735135992158789
3,eata,132,1.0735135992158789
3,eata,133,1.0735135992158789
3,eata,134,1.0735135992158789
3,eata,135,1.0735135992158789
3,eata,136,1.0735135992158789
3,eata,137,1.0735135992158789
3,eata,138,1.0735135992158789
3,eata,139,1.0735135992158789
3,eata,140,1.0735135992158789
3,eata,141,1.0735135992158789
3,eata,142,1.0735135992158789
3,eata,143,1.0735135992158789
3,eata,144,1.0735135992158789
3,eata,145,1.0735135992158789
3,eata,146,1.0735135992158789
3,eata,147,1.0735135992158789
3,eata,148,1.0735135992158789
3,eata,149,1.0735135992158789
3,eata,150,1.0735135992158789
3,eata,151,1.0735135992158789
3,eata,152,1.0735135992158789
3,eata,153,1.0735135992158789
3,eata,154,1.0735135992158789
3,eata,155,1.0735135992158789
3,eata,156,1.0735135992158789
3,eata,157,1.0735135992158789
3,eata,158,1.0735135992158789
3,eata,159,1.0735135992158789
3,eata,160,1.0735135992158789
3,eata,161,1.0735135992158789
3,eata,162,1.0735135992158789
3,eata,163,1.0735135992158789
3,eata,164,1.0735135992158789
3,eata,165,1.0735135992158789
3,eata,166,1.0735135992158789
3,eata,167,1.0735135992158789
3,eata,168,1.0735135992158789
3,eata,169,1.087068152274261
3,eata,170,1.087068152274261
3,eata,171,1.087068152274261
3,eata,172,1.087068152274261
3,eata,173,1.087068152274261
3,eata,174,1.087068152274261
3,eata,175,1.087068152274261
3,eata,176,1.087068152274261
3,eata,177,1.087068152274261
3,eata,178,1.087068152274261
3,eata,179,1.0945088106348106
3,eata,180,1.0945088106348106
3,eata,181,1.0945088106348106
3,eata,182,1.0945088106348106
3,eata,183,1.0945088106348106
3,eata,184,1.0945088106348106
3,eata,185,1.0945088106348106
3,eata,186,1.0945088106348106
3,eata,187,1.0945088106348106
3,eata,188,1.0945088106348106
3,eata,189,1.0945088106348106
3,eata,190,1.0945088106348106
3,eata,191,1.0945088106348106
3,eata,192,1.0945088106348106
3,eata,193,1.0945088106348106
3,eata,194,1.0945088106348106
3,eata,195,1.0945088106348106
3,eata,196,1.0945088106348106
3,eata,197,1.0945088106348106
3,eata,198,1.0945088106348106
3,eata,199,1.0945088106348106
3,eata,200,1.0945088106348106
3,gp,1,0.004178870548234025
3,gp,2,0.004178870548234025
3,gp,3,0.04056460720191412
3,gp,4,0.09796624533668269
3,gp,5,0.09796624533668269
3,gp,6,0.09796624533668269
3,gp,7,0.09796624533668269
3,gp,8,0.09796624533668269
3,gp,9,0.09796624533668269
3,gp,10,0.16039134562422214
3,gp,11,0.1982854295657041
3,gp,12,0.1982854295657041
3,gp,13,0.1982854295657041
3,gp,14,0.1982854295657041
3,gp,15,0.1982854295657041
3,gp,16,0.20224495804181847
3,gp,17,0.20224495804181847
3,gp,18,0.2057810192125868
3,gp,19,0.22496994542312188
3,gp,20,0.22496994542312188
3,gp,21,0.22496994542312188
3,gp,22,0.22496994542312188
3,gp,23,0.22945555921128474
3,gp,24,0.22945555921128474
3,gp,25,0.2554921409544455
3,gp,26,0.2554921409544455
3,gp,27,0.279442229207861
3,gp,28,0.2980885773603679
3,gp,29,0.2980885773603679
3,gp,30,0.2980885773603679
3,gp,31,0.2980885773603679
3,gp,32,0.33794653134746155
3,gp,33,0.37419683694390093
3,gp,34,0.37419683694390093
3,gp,35,0.37419683694390093
3,gp,36,0.38860463278579244
3,gp,37,0.38860463278579244
3,gp,38,0.40349129854571003
3,gp,39,0.40349129854571003
3,gp,40,0.40349129854571003
3,gp,41,0.4579912900348717
3,gp,42,0.4579912900348717
3,gp,43,0.4579912900348717
3,gp,44,0.4579912900348717
3,gp,45,0.4579912900348717
3,gp,46,0.4579912900348717
3,gp,47,0.4579912900348717
3,gp,48,0.4579912900348717
3,gp,49,0.4579912900348717
3,gp,50,0.4579912900348717
3,gp,51,0.474348629296142
3,gp,52,0.474348629296142
3,gp,53,0.5197028601263972
3,gp,54,0.5197028601263972
3,gp,55,0.5197028601263972
3,gp,56,0.5197028601263972
3,gp,57,0.5197028601263972
3,gp,58,0.5197028601263972
3,gp,59,0.5197028601263972
3,gp,60,0.5197028601263972
3,gp,61,0.5197028601263972
3,gp,62,0.5197028601263972
3,gp,63,0.5197028601263972
3,gp,64,0.5197028601263972
3,gp,65,0.5197028601263972
3,gp,66,0.534396658909764
3,gp,67,0.5356450899206749
3,gp,68,0.5356450899206749
3,gp,69,0.5356450899206749
3,gp,70,0.5369931716005049
3,gp,71,0.5369931716005049
3,gp,72,0.567339067880831
3,gp,73,0.6200369672122669
3,gp,74,0.6200369672122669
3,gp,75,0.6200369672122669
3,gp,76,0.6200369672122669
3,gp,77,0.6200369672122669
3,gp,78,0.6200369672122669
3,gp,79,0.6200369672122669
3,gp,80,0.6200369672122669
3,gp,81,0.6200369672122669
3,gp,82,0.6200369672122669
3,gp,83,0.6200369672122669
3,gp,84,0.6200369672122669
3,gp,85,0.6200369672122669
3,gp,86,0.6348957196563475
3,gp,87,0.6348957196563475
3,gp,88,0.6453655734343725
3,gp,89,0.6453655734343725
3,gp,90,0.6453655734343725
3,gp,91,0.6453655734343725
3,gp,92,0.6453655734343725
3,gp,93,0.687370183078053
3,gp,94,0.687370183078053
3,gp,95,0.687370183078053
3,gp,96,0.687370183078053
3,gp,97,0.687370183078053
3,gp,98,0.687370183078053
3,gp,99,0.687370183078053
3,gp,100,0.687370183078053
3,gp,101,0.687370183078053
3,gp,102,0.687370183078053
3,gp,103,0.687370183078053
3,gp,104,0.687370183078053
3,gp,105,0.687370183078053
3,gp,106,0.687370183078053
3,gp,107,0.687370183078053
3,gp,108,0.687370183078053
3,gp,109,0.7062345253691555
3,gp,110,0.7062345253691555
3,gp,111,0.7062345253691555
3,gp,112,0.7062345253691555
3,gp,113,0.7062345253691555
3,gp,114,0.7062345253691555
3,gp,115,0.7062345253691555
3,gp,116,0.7062345253691555
3,gp,117,0.7062345253691555
3,gp,118,0.7530470940840598
3,gp,119,0.7530470940840598
3,gp,120,0.7530470940840598
3,gp,121,0.7530470940840598
3,gp,122,0.7530470940840598
3,gp,123,0.7530470940840598
3,gp,124,0.7530470940840598
3,gp,125,0.7530470940840598
3,gp,126,0.7530470940840598
3,gp,127,0.7530470940840598
3,gp,128,0.7530470940840598
3,gp,129,0.7530470940840598
3,gp,130,0.7530470940840598
3,gp,131,0.7530470940840598
3,gp,132,0.7530470940840598
3,gp,133,0.7530470940840598
3,gp,134,0.7530470940840598
3,gp,135,0.7530470940840598
3,gp,136,0.7530470940840598
3,gp,137,0.7530470940840598
3,gp,138,0.7530470940840598
3,gp,139,0.7530470940840598
3,gp,140,0.7530470940840598
3,gp,141,0.7530470940840598
3,gp,142,0.7530470940840598
3,gp,143,0.7530470940840598
3,gp,144,0.7530470940840598
3,gp,145,0.7530470940840598
3,gp,146,0.7530470940840598
3,gp,147,0.7530470940840598
3,gp,148,0.7530470940840598
3,gp,149,0.7530470940840598
3,gp,150,0.7530470940840598
3,gp,151,0.7530470940840598
3,gp,152,0.7530470940840598
3,gp,153,0.7530470940840598
3,gp,154,0.7530470940840598
3,gp,155,0.7530470940840598
3,gp,156,0.7755124425758682
3,gp,157,0.7755124425758682
3,gp,158,0.7755124425758682
3,gp,159,0.7755124425758682
3,gp,160,0.7755124425758682
3,gp,161,0.7755124425758682
3,gp,162,0.7755124425758682
3,gp,163,0.7755124425758682
3,gp,164,0.7755124425758682
3,gp,165,0.7755124425758682
3,gp,166,0.7755124425758682
3,gp,167,0.7755124425758682
3,gp,168,0.7755124425758682
3,gp,169,0.7755124425758682
3,gp,170,0.7755124425758682
3,gp,171,0.7755124425758682
3,gp,172,0.7755124425758682
3,gp,173,0.7964087581152997
3,gp,174,0.7964087581152997
3,gp,175,0.7964087581152997
3,gp,176,0.7964087581152997
3,gp,177,0.7964087581152997
3,gp,178,0.7964087581152997
3,gp,179,0.7964087581152997
3,gp,180,0.7964087581152997
3,gp,181,0.7964087581152997
3,gp,182,0.7964087581152997
3,gp,183,0.7964087581152997
3,gp,184,0.7964087581152997
3,gp,185,0.7964087581152997
3,gp,186,0.7964087581152997
3,gp,187,0.7964087581152997
3,gp,188,0.7964087581152997
3,gp,189,0.7964087581152997
3,gp,190,0.7964087581152997
3,gp,191,0.7964087581152997
3,gp,192,0.7964087581152997
3,gp,193,0.7964087581152997
3,gp,194,0.7964087581152997
3,gp,195,0.7964087581152997
3,gp,196,0.7964087581152997
3,gp,197,0.7964087581152997
3,gp,198,0.7964087581152997
3,gp,199,0.7964087581152997
3,gp,200,0.7964087581152997
3,random,1,-0.026027557881433284
3,random,2,-0.023444986873019828
3,random,3,-0.011430243275401231
3,random,4,-0.006078534980681758
3,random,5,0.033858392057917616
3,random,6,0.033858392057917616
3,random,7,0.037827564667975
3,random,8,0.05106782173888774
3,random,9,0.05106782173888774
3,random,10,0.05192659265175669
3,random,11,0.10275682206878092
3,random,12,0.10275682206878092
3,random,13,0.10275682206878092
3,random,14,0.10275682206878092
3,random,15,0.10275682206878092
3,random,16,0.10275682206878092
3,random,17,0.1050587150695764
3,random,18,0.1050587150695764
3,random,19,0.1050587150695764
3,random,20,0.12517786823358557
3,random,21,0.12517786823358557
3,random,22,0.12517786823358557
3,random,23,0.12517786823358557
3,random,24,0.12517786823358557
3,random,25,0.12517786823358557
3,random,26,0.18015108952630843
3,random,27,0.18015108952630843
3,random,28,0.18015108952630843
3,random,29,0.18015108952630843
3,random,30,0.18015108952630843
3,random,31,0.18015108952630843
3,random,32,0.18015108952630843
3,random,33,0.20254042675394668
3,random,34,0.20254042675394668
3,random,35,0.20254042675394668
3,random,36,0.20254042675394668
3,random,37,0.20254042675394668
3,random,38,0.20254042675394668
3,random,39,0.20254042675394668
3,random,40,0.20254042675394668
3,random,41,0.20254042675394668
3,random,42,0.20254042675394668
3,random,43,0.20254042675394668
3,random,44,0.20254042675394668
3,random,45,0.20254042675394668
3,random,46,0.20254042675394668
3,random,47,0.20254042675394668
3,random,48,0.20260730041783537
3,random,49,0.20260730041783537
3,random,50,0.20260730041783537
3,random,51,0.20813043278496499
3,random,52,0.20813043278496499
3,random,53,0.20813043278496499
3,random,54,0.20813043278496499
3,random,55,0.20813043278496499
3,random,56,0.21207403500435273
3,random,57,0.25203989005263167
3,random,58,0.25203989005263167
3,random,59,0.26781695196545724
3,random,60,0.26781695196545724
3,random,61,0.26781695196545724
3,random,62,0.26781695196545724
3,random,63,0.26781695196545724
3,random,64,0.26781695196545724
3,random,65,0.26781695196545724
3,random,66,0.26781695196545724
3,random,67,0.26781695196545724
3,random,68,0.26781695196545724
3,random,69,0.26781695196545724
3,random,70,0.26781695196545724
3,random,71,0.26781695196545724
3,random,72,0.26781695196545724
3,random,73,0.26781695196545724
3,random,74,0.26781695196545724
3,random,75,0.26781695196545724
3,random,76,0.26781695196545724
3,random,77,0.26781695196545724
3,random,78,0.26864314319209576
3,random,79,0.2889189781494563
3,random,80,0.2903421248674366
3,random,81,0.2903421248674366
3,random,82,0.2903421248674366
3,random,83,0.2903421248674366
3,random,84,0.2954654045678876
3,random,85,0.2954654045678876
3,random,86,0.32326671188815936
3,random,87,0.32326671188815936
3,random,88,0.32326671188815936
3,random,89,0.32326671188815936
3,random,90,0.3251302216531062
3,random,91,0.3251302216531062
3,random,92,0.3296271227595602
3,random,93,0.3296271227595602
3,random,94,0.3387464276059409
3,random,95,0.34108858737765163
3,random,96,0.34108858737765163
3,random,97,0.3506045777447992
3,random,98,0.3506045777447992
3,random,99,0.3506045777447992
3,random,100,0.3506045777447992
3,random,101,0.3506045777447992
3,random,102,0.3506045777447992
3,random,103,0.3506045777447992
3,random,104,0.3506045777447992
3,random,105,0.3506045777447992
3,random,106,0.3506045777447992
3,random,107,0.3506045777447992
3,random,108,0.3506045777447992
3,random,109,0.3506045777447992
3,random,110,0.3506045777447992
3,random,111,0.3506045777447992
3,random,112,0.3506045777447992
3,random,113,0.35450062884906086
3,random,114,0.35450062884906086
3,random,115,0.3635596666104168
3,random,116,0.3635596666104168
3,random,117,0.3635596666104168
3,random,118,0.3635596666104168
3,random,119,0.3675784263733303
3,random,120,0.3675784263733303
3,random,121,0.3675784263733303
3,random,122,0.4149121979179021
3,random,123,0.4149121979179021
3,random,124,0.4149121979179021
3,random,125,0.4149121979179021
3,random,126,0.4149121979179021
3,random,127,0.4149121979179021
3,random,128,0.4149121979179021
3,random,129,0.4149121979179021
3,random,130,0.4149121979179021
3,random,131,0.4149121979179021
3,random,132,0.4149121979179021
3,random,133,0.4149121979179021
3,random,134,0.4149121979179021
3,random,135,0.4149121979179021
3,random,136,0.4149121979179021
3,random,137,0.4149121979179021
3,random,138,0.4149121979179021
3,random,139,0.4149121979179021
3,random,140,0.4149121979179021
3,random,141,0.4402702467924836
3,random,142,0.4402702467924836
3,random,143,0.4402702467924836
3,random,144,0.4402702467924836
3,random,145,0.4402702467924836
3,random,146,0.4402702467924836
3,random,147,0.4402702467924836
3,random,148,0.4402702467924836
3,random,149,0.4402702467924836
3,random,150,0.4402702467924836
3,random,151,0.4402702467924836
3,random,152,0.4402702467924836
3,random,153,0.4402702467924836
3,random,154,0.4402702467924836
3,random,155,0.4402702467924836
3,random,156,0.4402702467924836
3,random,157,0.4402702467924836
3,random,158,0.4402702467924836
3,random,159,0.4402702467924836
3,random,160,0.4402702467924836
3,random,161,0.4402702467924836
3,random,162,0.4402702467924836
3,random,163,0.4402702467924836
3,random,164,0.4402702467924836
3,random,165,0.4402702467924836
3,random,166,0.4402702467924836
3,random,167,0.4402702467924836
3,random,168,0.4402702467924836
3,random,169,0.4402702467924836
3,random,170,0.4402702467924836
3,random,171,0.4402702467924836
3,random,172,0.4402702467924836
3,random,173,0.4402702467924836
3,random,174,0.4402702467924836
3,random,175,0.4402702467924836
3,random,176,0.4402702467924836
3,random,177,0.4402702467924836
3,random,178,0.4402702467924836
3,random,179,0.4402702467924836
3,random,180,0.4402702467924836
3,random,181,0.4402702467924836
3,random,182,0.4402702467924836
3,random,183,0.4402702467924836
3,random,184,0.4402702467924836
3,random,185,0.4402702467924836
3,random,186,0.4686100461158341
3,random,187,0.4686100461158341
3,random,188,0.4686100461158341
3,random,189,0.4686100461158341
3,random,190,0.4686100461158341
3,random,191,0.4686100461158341
3,random,192,0.4686100461158341
3,random,193,0.4686100461158341
3,random,194,0.4686100461158341
3,random,195,0.4686100461158341
3,random,196,0.4686100461158341
3,random,197,0.47763307284525014
3,random,198,0.47763307284525014
3,random,199,0.47763307284525014
3,random,200,0.4899109081076005
4,eata,1,0.05261511102702543
4,eata,2,0.05261511102702543
4,eata,3,0.12283163960385902
4,eata,4,0.15304618361058775
4,eata,5,0.15304618361058775
4,eata,6,0.15304618361058775
4,eata,7,0.20085658336888268
4,eata,8,0.22064696827163127
4,eata,9,0.22064696827163127
4,eata,10,0.2843713785421129
4,eata,11,0.2843713785421129
4,eata,12,0.2986427040666147
4,eata,13,0.32066027997783325
4,eata,14,0.34509081008320397
4,eata,15,0.3823953595814091
4,eata,16,0.3823953595814091
4,eata,17,0.4288271176686714
4,eata,18,0.4288271176686714
4,eata,19,0.4288271176686714
4,eata,20,0.4288271176686714
4,eata,21,0.44500823458388966
4,eata,22,0.5073531453422215
4,eata,23,0.5073531453422215
4,eata,24,0.5291120973150487
4,eata,25,0.573675381272639
4,eata,26,0.5869824012405587
4,eata,27,0.6165731213409719
4,eata,28,0.6165731213409719
4,eata,29,0.6165731213409719
4,eata,30,0.6392042611349171
4,eata,31,0.6392042611349171
4,eata,32,0.666273906512786
4,eata,33,0.666273906512786
4,eata,34,0.6909636695584431
4,eata,35,0.6912466561286684
4,eata,36,0.6977829104771649
4,eata,37,0.7015155703860475
4,eata,38,0.7081543538044627
4,eata,39,0.7127311147760387
4,eata,40,0.7217460216392891
4,eata,41,0.7536243103493678
4,eata,42,0.7536243103493678
4,eata,43,0.7930843556554744
4,eata,44,0.7930843556554744
4,eata,45,0.7930843556554744
4,eata,46,0.7930843556554744
4,eata,47,0.7930843556554744
4,eata,48,0.8403948872522273
4,eata,49,0.8403948872522273
4,eata,50,0.8403948872522273
4,eata,51,0.8403948872522273
4,eata,52,0.8403948872522273
4,eata,53,0.8770284621792336
4,eata,54,0.8770284621792336
4,eata,55,0.8770284621792336
4,eata,56,0.8770284621792336
4,eata,57,0.8770284621792336
4,eata,58,0.8770284621792336
4,eata,59,0.899825031247694
4,eata,60,0.899825031247694
4,eata,61,0.899825031247694
4,eata,62,0.899825031247694
4,eata,63,0.899825031247694
4,eata,64,0.899825031247694
4,eata,65,0.899825031247694
4,eata,66,0.899825031247694
4,eata,67,0.899825031247694
4,eata,68,0.9018497305298772
4,eata,69,0.9018497305298772
4,eata,70,0.9018497305298772
4,eata,71,0.9410597899116097
4,eata,72,0.9410597899116097
4,eata,73,0.9410597899116097
4,eata,74,0.9490238043531687
4,eata,75,0.9490238043531687
4,eata,76,0.9490238043531687
4,eata,77,0.9490238043531687
4,eata,78,0.9490238043531687
4,eata,79,0.9490238043531687
4,eata,80,0.9490238043531687
4,eata,81,0.9602777128050477
4,eata,82,0.9602777128050477
4,eata,83,0.9602777128050477
4,eata,84,0.9602777128050477
4,eata,85,0.9602777128050477
4,eata,86,0.9602777128050477
4,eata,87,0.9602777128050477
4,eata,88,0.9602777128050477
4,eata,89,0.9602777128050477
4,eata,90,0.9602777128050477
4,eata,91,0.9602777128050477
4,eata,92,1.0110561117710208
4,eata,93,1.0110561117710208
4,eata,94,1.0110561117710208
4,eata,95,1.0110561117710208
4,eata,96,1.023585937138294
4,eata,97,1.023585937138294
4,eata,98,1.023585937138294
4,eata,99,1.023585937138294
4,eata,100,1.023585937138294
4,eata,101,1.023585937138294
4,eata,102,1.023585937138294
4,eata,103,1.0310920413246352
4,eata,104,1.0310920413246352
4,eata,105,1.0310920413246352
4,eata,106,1.0310920413246352
4,eata,107,1.0310920413246352
4,eata,108,1.0310920413246352
4,eata,109,1.0310920413246352
4,eata,110,1.0310920413246352
4,eata,111,1.0310920413246352
4,eata,112,1.0310920413246352
4,eata,113,1.0310920413246352
4,eata,114,1.0310920413246352
4,eata,115,1.0310920413246352
4,eata,116,1.0310920413246352
4,eata,117,1.0310920413246352
4,eata,118,1.0310920413246352
4,eata,119,1.0310920413246352
4,eata,120,1.0310920413246352
4,eata,121,1.0310920413246352
4,eata,122,1.0324813770937569
4,eata,123,1.0324813770937569
4,eata,124,1.0324813770937569
4,eata,125,1.0324813770937569
4,eata,126,1.0324813770937569
4,eata,127,1.0324813770937569
4,eata,128,1.0324813770937569
4,eata,129,1.0324813770937569
4,eata,130,1.0324813770937569
4,eata,131,1.0324813770937569
4,eata,132,1.0324813770937569
4,eata,133,1.0324813770937569
4,eata,134,1.0324813770937569
4,eata,135,1.0324813770937569
4,eata,136,1.0324813770937569
4,eata,137,1.0324813770937569
4,eata,138,1.0324813770937569
4,eata,139,1.0324813770937569
4,eata,140,1.0336818224458795
4,eata,141,1.0336818224458795
4,eata,142,1.0336818224458795
4,eata,143,1.0447527003830244
4,eata,144,1.0447527003830244
4,eata,145,1.0447527003830244
4,eata,146,1.0447527003830244
4,eata,147,1.0447527003830244
4,eata,148,1.0447527003830244
4,eata,149,1.0447527003830244
4,eata,150,1.0447527003830244
4,eata,151,1.0447527003830244
4,eata,152,1.0447527003830244
4,eata,153,1.0447527003830244
4,eata,154,1.0447527003830244
4,eata,155,1.0447527003830244
4,eata,156,1.0447527003830244
4,eata,157,1.0447527003830244
4,eata,158,1.0447527003830244
4,eata,159,1.0447527003830244
4,eata,160,1.0447527003830244
4,eata,161,1.0560671532859485
4,eata,162,1.0560671532859485
4,eata,163,1.0560671532859485
4,eata,164,1.0560671532859485
4,eata,165,1.0560671532859485
4,eata,166,1.0560671532859485
4,eata,167,1.0597318230071036
4,eata,168,1.0597318230071036
4,eata,169,1.0597318230071036
4,eata,170,1.0597318230071036
4,eata,171,1.0597318230071036
4,eata,172,1.0597318230071036
4,eata,173,1.0597318230071036
4,eata,174,1.08711889120524
4,eata,175,1.08711889120524
4,eata,176,1.08711889120524
4,eata,177,1.08711889120524
4,eata,178,1.08711889120524
4,eata,179,1.08711889120524
4,eata,180,1.08711889120524
4,eata,181,1.08711889120524
4,eata,182,1.08711889120524
4,eata,183,1.08711889120524
4,eata,184,1.08711889120524
4,eata,185,1.08711889120524
4,eata,186,1.08711889120524
4,eata,187,1.08711889120524
4,eata,188,1.08711889120524
4,eata,189,1.08711889120524
4,eata,190,1.08711889120524
4,eata,191,1.08711889120524
4,eata,192,1.08711889120524
4,eata,193,1.08711889120524
4,eata,194,1.08711889120524
4,eata,195,1.08711889120524
4,eata,196,1.08711889120524
4,eata,197,1.08711889120524
4,eata,198,1.08711889120524
4,eata,199,1.08711889120524
4,eata,200,1.08711889120524
4,gp,1,0.06768420757060041
4,gp,2,0.06768420757060041
4,gp,3,0.0851917807293863
4,gp,4,0.0851917807293863
4,gp,5,0.0851917807293863
4,gp,6,0.09240308016452212
4,gp,7,0.11925819616466207
4,gp,8,0.11925819616466207
4,gp,9,0.1622204147341262
4,gp,10,0.18692969993846426
4,gp,11,0.18692969993846426
4,gp,12,0.18692969993846426
4,gp,13,0.1957532697777667
4,gp,14,0.1957532697777667
4,gp,15,0.1957532697777667
4,gp,16,0.24495210760587974
4,gp,17,0.24495210760587974
4,gp,18,0.24495210760587974
4,gp,19,0.31719889469361906
4,gp,20,0.31719889469361906
4,gp,21,0.31719889469361906
4,gp,22,0.31719889469361906
4,gp,23,0.31719889469361906
4,gp,24,0.31719889469361906
4,gp,25,0.3251332411802086
4,gp,26,0.3251332411802086
4,gp,27,0.3251332411802086
4,gp,28,0.39053937020628576
4,gp,29,0.39053937020628576
4,gp,30,0.39053937020628576
4,gp,31,0.39053937020628576
4,gp,32,0.39053937020628576
4,gp,33,0.42513066435180386
4,gp,34,0.42513066435180386
4,gp,35,0.4522128357032774
4,gp,36,0.4522128357032774
4,gp,37,0.4522128357032774
4,gp,38,0.4522128357032774
4,gp,39,0.4522128357032774
4,gp,40,0.4522128357032774
4,gp,41,0.48148286699483595
4,gp,42,0.48148286699483595
4,gp,43,0.48148286699483595
4,gp,44,0.48148286699483595
4,gp,45,0.48148286699483595
4,gp,46,0.48148286699483595
4,gp,47,0.48148286699483595
4,gp,48,0.48148286699483595
4,gp,49,0.48830269077016514
4,gp,50,0.49091126965666115
4,gp,51,0.49091126965666115
4,gp,52,0.49091126965666115
4,gp,53,0.49091126965666115
4,gp,54,0.5664341026482016
4,gp,55,0.5664341026482016
4,gp,56,0.5664341026482016
4,gp,57,0.5664341026482016
4,gp,58,0.5664341026482016
4,gp,59,0.5664341026482016
4,gp,60,0.5683465466964102
4,gp,61,0.5930768592904039
4,gp,62,0.5930768592904039
4,gp,63,0.5930768592904039
4,gp,64,0.5930768592904039
4,gp,65,0.5930768592904039
4,gp,66,0.6204061918865467
4,gp,67,0.6204061918865467
4,gp,68,0.6204061918865467
4,gp,69,0.6204061918865467
4,gp,70,0.6371499417379974
4,gp,71,0.6371499417379974
4,gp,72,0.6371499417379974
4,gp,73,0.6371499417379974
4,gp,74,0.6371499417379974
4,gp,75,0.6473764375286191
4,gp,76,0.6473764375286191
4,gp,77,0.6473764375286191
4,gp,78,0.6473764375286191
4,gp,79,0.6487776954135752
4,gp,80,0.6487776954135752
4,gp,81,0.6487776954135752
4,gp,82,0.6487776954135752
4,gp,83,0.6487776954135752
4,gp,84,0.6487776954135752
4,gp,85,0.6487776954135752
4,gp,86,0.6487776954135752
4,gp,87,0.6572813980150399
4,gp,88,0.6572813980150399
4,gp,89,0.6603876479036965
4,gp,90,0.6603876479036965
4,gp,91,0.6603876479036965
4,gp,92,0.6603876479036965
4,gp,93,0.6603876479036965
4,gp,94,0.6603876479036965
4,gp,95,0.6603876479036965
4,gp,96,0.6603876479036965
4,gp,97,0.6706651373422617
4,gp,98,0.6706651373422617
4,gp,99,0.6706651373422617
4,gp,100,0.6706651373422617
4,gp,101,0.6706651373422617
4,gp,102,0.6706651373422617
4,gp,103,0.6706651373422617
4,gp,104,0.6872725353666285
4,gp,105,0.6872725353666285
4,gp,106,0.6872725353666285
4,gp,107,0.6872725353666285
4,gp,108,0.6872725353666285
4,gp,109,0.6915964399584297
4,gp,110,0.7356069270111132
4,gp,111,0.7356069270111132
4,gp,112,0.7356069270111132
4,gp,113,0.7356069270111132
4,gp,114,0.7356069270111132
4,gp,115,0.7356069270111132
4,gp,116,0.7356069270111132
4,gp,117,0.7356069270111132
4,gp,118,0.7356069270111132
4,gp,119,0.7356069270111132
4,gp,120,0.7356069270111132
4,gp,121,0.7356069270111132
4,gp,122,0.7356069270111132
4,gp,123,0.7356069270111132
4,gp,124,0.7356069270111132
4,gp,125,0.7356069270111132
4,gp,126,0.7356069270111132
4,gp,127,0.7356069270111132
4,gp,128,0.7356069270111132
4,gp,129,0.7356069270111132
4,gp,130,0.7356069270111132
4,gp,131,0.7356069270111132
4,gp,132,0.7356069270111132
4,gp,133,0.7356069270111132
4,gp,134,0.7356069270111132
4,gp,135,0.7356069270111132
4,gp,136,0.7356069270111132
4,gp,137,0.7413548719678166
4,gp,138,0.7413548719678166
4,gp,139,0.7413548719678166
4,gp,140,0.7413548719678166
4,gp,141,0.7413548719678166
4,gp,142,0.7413548719678166
4,gp,143,0.7413548719678166
4,gp,144,0.7413548719678166
4,gp,145,0.7413548719678166
4,gp,146,0.7413548719678166
4,gp,147,0.7413548719678166
4,gp,148,0.7413548719678166
4,gp,149,0.7413548719678166
4,gp,150,0.7413548719678166
4,gp,151,0.7413548719678166
4,gp,152,0.7413548719678166
4,gp,153,0.7413548719678166
4,gp,154,0.7413548719678166
4,gp,155,0.7413548719678166
4,gp,156,0.7413548719678166
4,gp,157,0.7413548719678166
4,gp,158,0.7413548719678166
4,gp,159,0.7413548719678166
4,gp,160,0.7413548719678166
4,gp,161,0.7566466114326947
4,gp,162,0.7566466114326947
4,gp,163,0.7566466114326947
4,gp,164,0.7566466114326947
4,gp,165,0.7566466114326947
4,gp,166,0.7566466114326947
4,gp,167,0.7566466114326947
4,gp,168,0.7566466114326947
4,gp,169,0.7566466114326947
4,gp,170,0.7566466114326947
4,gp,171,0.7566466114326947
4,gp,172,0.7566466114326947
4,gp,173,0.7566466114326947
4,gp,174,0.7566466114326947
4,gp,175,0.7566466114326947
4,gp,176,0.7566466114326947
4,gp,177,0.7566466114326947
4,gp,178,0.7566466114326947
4,gp,179,0.7566466114326947
4,gp,180,0.7566466114326947
4,gp,181,0.7566466114326947
4,gp,182,0.7846269209302719
4,gp,183,0.7846269209302719
4,gp,184,0.7846269209302719
4,gp,185,0.7846269209302719
4,gp,186,0.7846269209302719
4,gp,187,0.7846269209302719
4,gp,188,0.7846269209302719
4,gp,189,0.7846269209302719
4,gp,190,0.7846269209302719
4,gp,191,0.7846269209302719
4,gp,192,0.7846269209302719
4,gp,193,0.7846269209302719
4,gp,194,0.7846269209302719
4,gp,195,0.7846269209302719
4,gp,196,0.7846269209302719
4,gp,197,0.7846269209302719
4,gp,198,0.7846269209302719
4,gp,199,0.7846269209302719
4,gp,200,0.7846269209302719
4,random,1,0.03891684302741509
4,random,2,0.04924429956711271
4,random,3,0.04924429956711271
4,random,4,0.04924429956711271
4,random,5,0.04924429956711271
4,random,6,0.04924429956711271
4,random,7,0.0923613990914683
4,random,8,0.0923613990914683
4,random,9,0.0923613990914683
4,random,10,0.0923613990914683
4,random,11,0.0923613990914683
4,random,12,0.10712344235320732
4,random,13,0.10712344235320732
4,random,14,0.10712344235320732
4,random,15,0.18411811068673806
4,random,16,0.18411811068673806
4,random,17,0.18411811068673806
4,random,18,0.18411811068673806
4,random,19,0.1926076451843887
4,random,20,0.22668043295288673
4,random,21,0.22668043295288673
4,random,22,0.22668043295288673
4,random,23,0.22668043295288673
4,random,24,0.22668043295288673
4,random,25,0.22668043295288673
4,random,26,0.24688560623834205
4,random,27,0.25204047734693075
4,random,28,0.25204047734693075
4,random,29,0.25204047734693075
4,random,30,0.25204047734693075
4,random,31,0.2801713394714921
4,random,32,0.2801713394714921
4,random,33,0.2804147428246201
4,random,34,0.2804147428246201
4,random,35,0.2804147428246201
4,random,36,0.2804147428246201
4,random,37,0.2804147428246201
4,random,38,0.2804147428246201
4,random,39,0.2804147428246201
4,random,40,0.2804147428246201
4,random,41,0.3307734206780762
4,random,42,0.35098557316126533
4,random,43,0.35098557316126533
4,random,44,0.35098557316126533
4,random,45,0.35098557316126533
4,random,46,0.35098557316126533
4,random,47,0.35098557316126533
4,random,48,0.35098557316126533
4,random,49,0.35098557316126533
4,random,50,0.35098557316126533
4,random,51,0.35098557316126533
4,random,52,0.35098557316126533
4,random,53,0.35276231099353766
4,random,54,0.35276231099353766
4,random,55,0.379830128323757
4,random,56,0.379830128323757
4,random,57,0.379830128323757
4,random,58,0.379830128323757
4,random,59,0.379830128323757
4,random,60,0.379830128323757
4,random,61,0.379830128323757
4,random,62,0.39780321357447973
4,random,63,0.39821450651371504
4,random,64,0.4208483260674157
4,random,65,0.4208483260674157
4,random,66,0.4208483260674157
4,random,67,0.4208483260674157
4,random,68,0.4208483260674157
4,random,69,0.4208483260674157
4,random,70,0.4208483260674157
4,random,71,0.4283568194735899
4,random,72,0.4283568194735899
4,random,73,0.4283568194735899
4,random,74,0.45383783411616635
4,random,75,0.45383783411616635
4,random,76,0.45383783411616635
4,random,77,0.45383783411616635
4,random,78,0.45383783411616635
4,random,79,0.4615389422450844
4,random,80,0.4615389422450844
4,random,81,0.4615389422450844
4,random,82,0.4615389422450844
4,random,83,0.4615389422450844
4,random,84,0.4615389422450844
4,random,85,0.4615389422450844
4,random,86,0.4615389422450844
4,random,87,0.4615389422450844
4,random,88,0.4615389422450844
4,random,89,0.4615389422450844
4,random,90,0.4615389422450844
4,random,91,0.4643610488402321
4,random,92,0.49315242348132093
4,random,93,0.49315242348132093
4,random,94,0.49315242348132093
4,random,95,0.49315242348132093
4,random,96,0.49315242348132093
4,random,97,0.49315242348132093
4,random,98,0.49315242348132093
4,random,99,0.49315242348132093
4,random,100,0.5112039910294576
4,random,101,0.5112039910294576
4,random,102,0.5112039910294576
4,random,103,0.5112039910294576
4,random,104,0.5112039910294576
4,random,105,0.5112039910294576
4,random,106,0.5112039910294576
4,random,107,0.5130199325888948
4,random,108,0.5130199325888948
4,random,109,0.5130199325888948
4,random,110,0.5130199325888948
4,random,111,0.5446157277569866
4,random,112,0.5446157277569866
4,random,113,0.5446157277569866
4,random,114,0.5446157277569866
4,random,115,0.5446157277569866
4,random,116,0.5446157277569866
4,random,117,0.5446157277569866
4,random,118,0.5760431174368955
4,random,119,0.5760431174368955
4,random,120,0.5760431174368955
4,random,121,0.5760431174368955
4,random,122,0.5760431174368955
4,random,123,0.5760431174368955
4,random,124,0.5760431174368955
4,random,125,0.5760431174368955
4,random,126,0.5760431174368955
4,random,127,0.5760431174368955
4,random,128,0.5760431174368955
4,random,129,0.5760431174368955
4,random,130,0.5760431174368955
4,random,131,0.5760431174368955
4,random,132,0.5760431174368955
4,random,133,0.6093936992535685
4,random,134,0.6093936992535685
4,random,135,0.6093936992535685
4,random,136,0.6093936992535685
4,random,137,0.6093936992535685
4,random,138,0.6093936992535685
4,random,139,0.6093936992535685
4,random,140,0.6093936992535685
4,random,141,0.6093936992535685
4,random,142,0.6093936992535685
4,random,143,0.6093936992535685
4,random,144,0.6093936992535685
4,random,145,0.6093936992535685
4,random,146,0.6093936992535685
4,random,147,0.6093936992535685
4,random,148,0.6093936992535685
4,random,149,0.6093936992535685
4,random,150,0.6093936992535685
4,random,151,0.6093936992535685
4,random,152,0.6093936992535685
4,random,153,0.6093936992535685
4,random,154,0.6093936992535685
4,random,155,0.6093936992535685
4,random,156,0.6093936992535685
4,random,157,0.6093936992535685
4,random,158,0.6093936992535685
4,random,159,0.6093936992535685
4,random,160,0.6093936992535685
4,random,161,0.6093936992535685
4,random,162,0.6093936992535685
4,random,163,0.6093936992535685
4,random,164,0.6093936992535685
4,random,165,0.6093936992535685
4,random,166,0.6093936992535685
4,random,167,0.6093936992535685
4,random,168,0.6093936992535685
4,random,169,0.6093936992535685
4,random,170,0.6093936992535685
4,random,171,0.6093936992535685
4,random,172,0.6093936992535685
4,random,173,0.6093936992535685
4,random,174,0.6093936992535685
4,random,175,0.6093936992535685
4,random,176,0.6093936992535685
4,random,177,0.6093936992535685
4,random,178,0.6093936992535685
4,random,179,0.6093936992535685
4,random,180,0.6093936992535685
4,random,181,0.6093936992535685
4,random,182,0.6093936992535685
4,random,183,0.6093936992535685
4,random,184,0.6093936992535685
4,random,185,0.6093936992535685
4,random,186,0.6093936992535685
4,random,187,0.6093936992535685
4,random,188,0.6093936992535685
4,random,189,0.6093936992535685
4,random,190,0.6093936992535685
4,random,191,0.6093936992535685
4,random,192,0.6093936992535685
4,random,193,0.6093936992535685
4,random,194,0.6426522712746824
4,random,195,0.6426522712746824
4,random,196,0.6426522712746824
4,random,197,0.6426522712746824
4,random,198,0.6426522712746824
4,random,199,0.6426522712746824
4,random,200,0.6426522712746824
5,eata,1,0.011155338940891428
5,eata,2,0.061266298915664555
5,eata,3,0.10505422161547111
5,eata,4,0.11442911972234868
5,eata,5,0.15978341787358197
5,eata,6,0.15978341787358197
5,eata,7,0.21191959474237446
5,eata,8,0.2691892348115449
5,eata,9,0.3313341940669413
5,eata,10,0.3313341940669413
5,eata,11,0.3313341940669413
5,eata,12,0.3816743606225113
5,eata,13,0.39975598292633996
5,eata,14,0.44135719426587544
5,eata,15,0.4454438625705441
5,eata,16,0.4454438625705441
5,eata,17,0.4616481919657617
5,eata,18,0.4787243007934848
5,eata,19,0.5012242683706897
5,eata,20,0.5163576063240107
5,eata,21,0.5163576063240107
5,eata,22,0.5163576063240107
5,eata,23,0.5412275508069577
5,eata,24,0.5412275508069577
5,eata,25,0.5946831056657307
5,eata,26,0.6076416579440859
5,eata,27,0.6076416579440859
5,eata,28,0.656413371957207
5,eata,29,0.6752076333928372
5,eata,30,0.6752076333928372
5,eata,31,0.7247795299219053
5,eata,32,0.7430425527056823
5,eata,33,0.7430425527056823
5,eata,34,0.7430425527056823
5,eata,35,0.7430425527056823
5,eata,36,0.7441251669676088
5,eata,37,0.769870752879348
5,eata,38,0.769870752879348
5,eata,39,0.769870752879348
5,eata,40,0.769870752879348
5,eata,41,0.769870752879348
5,eata,42,0.7853142641983447
5,eata,43,0.7853142641983447
5,eata,44,0.7853142641983447
5,eata,45,0.8299263806174375
5,eata,46,0.8299263806174375
5,eata,47,0.8389969097735991
5,eata,48,0.8389969097735991
5,eata,49,0.8389969097735991
5,eata,50,0.8389969097735991
5,eata,51,0.8554507797447252
5,eata,52,0.8554507797447252
5,eata,53,0.894652214758833
5,eata,54,0.894652214758833
5,eata,55,0.894652214758833
5,eata,56,0.894652214758833
5,eata,57,0.9099295168926511
5,eata,58,0.9099295168926511
5,eata,59,0.9323148389271748
5,eata,60,0.9323148389271748
5,eata,61,0.9323148389271748
5,eata,62,0.9323148389271748
5,eata,63,0.9323148389271748
5,eata,64,0.9512435435954021
5,eata,65,0.9531454857550663
5,eata,66,0.9531454857550663
5,eata,67,0.95868426561232
5,eata,68,0.95868426561232
5,eata,69,0.9770653705428087
5,eata,70,0.9770653705428087
5,eata,71,0.9770653705428087
5,eata,72,0.9894307476367776
5,eata,73,0.9894307476367776
5,eata,74,0.9894307476367776
5,eata,75,0.9894307476367776
5,eata,76,0.9894307476367776
5,eata,77,1.0265920526674468
5,eata,78,1.0265920526674468
5,eata,79,1.0265920526674468
5,eata,80,1.0265920526674468
5,eata,81,1.0265920526674468
5,eata,82,1.0331666251460727
5,eata,83,1.0331666251460727
5,eata,84,1.0331666251460727
5,eata,85,1.0331666251460727
5,eata,86,1.0331666251460727
5,eata,87,1.0331666251460727
5,eata,88,1.0331666251460727
5,eata,89,1.0331666251460727
5,eata,90,1.0414178756147623
5,eata,91,1.0414178756147623
5,eata,92,1.0414178756147623
5,eata,93,1.0414178756147623
5,eata,94,1.0680280137552136
5,eata,95,1.0680280137552136
5,eata,96,1.0680280137552136
5,eata,97,1.0680280137552136
5,eata,98,1.0680280137552136
5,eata,99,1.0680280137552136
5,eata,100,1.0680280137552136
5,eata,101,1.0680280137552136
5,eata,102,1.0680280137552136
5,eata,103,1.0700027338884395
5,eata,104,1.0700027338884395
5,eata,105,1.0700027338884395
5,eata,106,1.0700027338884395
5,eata,107,1.0700027338884395
5,eata,108,1.0700027338884395
5,eata,109,1.0700027338884395
5,eata,110,1.0700027338884395
5,eata,111,1.0700027338884395
5,eata,112,1.0700027338884395
5,eata,113,1.0700027338884395
5,eata,114,1.0700027338884395
5,eata,115,1.0700027338884395
5,eata,116,1.0700027338884395
5,eata,117,1.0700027338884395
5,eata,118,1.0700027338884395
5,eata,119,1.0700027338884395
5,eata,120,1.0700027338884395
5,eata,121,1.0700027338884395
5,eata,122,1.0700027338884395
5,eata,123,1.0700027338884395
5,eata,124,1.0700027338884395
5,eata,125,1.0700027338884395
5,eata,126,1.0700027338884395
5,eata,127,1.0700027338884395
5,eata,128,1.0700027338884395
5,eata,129,1.0700027338884395
5,eata,130,1.0700027338884395
5,eata,131,1.0700027338884395
5,eata,132,1.0700027338884395
5,eata,133,1.0700027338884395
5,eata,134,1.0700027338884395
5,eata,135,1.0700027338884395
5,eata,136,1.0700027338884395
5,eata,137,1.0700027338884395
5,eata,138,1.0774502905928158
5,eata,139,1.0774502905928158
5,eata,140,1.0774502905928158
5,eata,141,1.0808154881760095
5,eata,142,1.0808154881760095
5,eata,143,1.0808154881760095
5,eata,144,1.0808154881760095
5,eata,145,1.0808154881760095
5,eata,146,1.1063581008811012
5,eata,147,1.1063581008811012
5,eata,148,1.1063581008811012
5,eata,149,1.1063581008811012
5,eata,150,1.1063581008811012
5,eata,151,1.1063581008811012
5,eata,152,1.1063581008811012
5,eata,153,1.1063581008811012
5,eata,154,1.1063581008811012
5,eata,155,1.1063581008811012
5,eata,156,1.1063581008811012
5,eata,157,1.1063581008811012
5,eata,158,1.1063581008811012
5,eata,159,1.1063581008811012
5,eata,160,1.1063581008811012
5,eata,161,1.1063581008811012
5,eata,162,1.1063581008811012
5,eata,163,1.1063581008811012
5,eata,164,1.1063581008811012
5,eata,165,1.1063581008811012
5,eata,166,1.1063581008811012
5,eata,167,1.1063581008811012
5,eata,168,1.1063581008811012
5,eata,169,1.1063581008811012
5,eata,170,1.1063581008811012
5,eata,171,1.1063581008811012
5,eata,172,1.1063581008811012
5,eata,173,1.1063581008811012
5,eata,174,1.1063581008811012
5,eata,175,1.1063581008811012
5,eata,176,1.1063581008811012
5,eata,177,1.1063581008811012
5,eata,178,1.1063581008811012
5,eata,179,1.1063581008811012
5,eata,180,1.1063581008811012
5,eata,181,1.1063581008811012
5,eata,182,1.1063581008811012
5,eata,183,1.1063581008811012
5,eata,184,1.1063581008811012
5,eata,185,1.1063581008811012
5,eata,186,1.1063581008811012
5,eata,187,1.1063581008811012
5,eata,188,1.1063581008811012
5,eata,189,1.1063581008811012
5,eata,190,1.1063581008811012
5,eata,191,1.1063581008811012
5,eata,192,1.1063581008811012
5,eata,193,1.1063581008811012
5,eata,194,1.1063581008811012
5,eata,195,1.1063581008811012
5,eata,196,1.1063581008811012
5,eata,197,1.1063581008811012
5,eata,198,1.1063581008811012
5,eata,199,1.1063581008811012
5,eata,200,1.1063581008811012
5,gp,1,-0.0186165620132846
5,gp,2,-0.010802699571765578
5,gp,3,0.05823190885118647
5,gp,4,0.08095885317655707
5,gp,5,0.1467703951210312
5,gp,6,0.1467703951210312
5,gp,7,0.1467703951210312
5,gp,8,0.15281747165694343
5,gp,9,0.15281747165694343
5,gp,10,0.15281747165694343
5,gp,11,0.24931029991830944
5,gp,12,0.24931029991830944
5,gp,13,0.24931029991830944
5,gp,14,0.24931029991830944
5,gp,15,0.2775275476581408
5,gp,16,0.2775275476581408
5,gp,17,0.2839991141762179
5,gp,18,0.2839991141762179
5,gp,19,0.2839991141762179
5,gp,20,0.32466641824463743
5,gp,21,0.3370601463347979
5,gp,22,0.3370601463347979
5,gp,23,0.3370601463347979
5,gp,24,0.3370601463347979
5,gp,25,0.3370601463347979
5,gp,26,0.3900405718066189
5,gp,27,0.3900405718066189
5,gp,28,0.3900405718066189
5,gp,29,0.3900405718066189
5,gp,30,0.4121101569738537
5,gp,31,0.4121101569738537
5,gp,32,0.4201863001103908
5,gp,33,0.4201863001103908
5,gp,34,0.42950056804591097
5,gp,35,0.48772176994254035
5,gp,36,0.48772176994254035
5,gp,37,0.48772176994254035
5,gp,38,0.48772176994254035
5,gp,39,0.48772176994254035
5,gp,40,0.48772176994254035
5,gp,41,0.48772176994254035
5,gp,42,0.48772176994254035
5,gp,43,0.48772176994254035
5,gp,44,0.48772176994254035
5,gp,45,0.5082814334917145
5,gp,46,0.5082814334917145
5,gp,47,0.528234715162115
5,gp,48,0.6042356153632821
5,gp,49,0.6042356153632821
5,gp,50,0.6042356153632821
5,gp,51,0.6042356153632821
5,gp,52,0.6042356153632821
5,gp,53,0.6042356153632821
5,gp,54,0.6042356153632821
5,gp,55,0.6042356153632821
5,gp,56,0.6042356153632821
5,gp,57,0.6042356153632821
5,gp,58,0.6042356153632821
5,gp,59,0.6042356153632821
5,gp,60,0.6042356153632821
5,gp,61,0.6042356153632821
5,gp,62,0.6042356153632821
5,gp,63,0.6137485491230041
5,gp,64,0.6183344222939168
5,gp,65,0.6183344222939168
5,gp,66,0.6183344222939168
5,gp,67,0.6183344222939168
5,gp,68,0.6707110280947458
5,gp,69,0.6707110280947458
5,gp,70,0.6707110280947458
5,gp,71,0.6707110280947458
5,gp,72,0.6707110280947458
5,gp,73,0.6707110280947458
5,gp,74,0.6707110280947458
5,gp,75,0.6707110280947458
5,gp,76,0.6707110280947458
5,gp,77,0.6707110280947458
5,gp,78,0.6707110280947458
5,gp,79,0.6707110280947458
5,gp,80,0.6707110280947458
5,gp,81,0.6707110280947458
5,gp,82,0.6707110280947458
5,gp,83,0.6707110280947458
5,gp,84,0.6707110280947458
5,gp,85,0.7102736350078551
5,gp,86,0.7102736350078551
5,gp,87,0.7176885500720495
5,gp,88,0.7176885500720495
5,gp,89,0.7176885500720495
5,gp,90,0.7176885500720495
5,gp,91,0.7176885500720495
5,gp,92,0.7176885500720495
5,gp,93,0.7176885500720495
5,gp,94,0.7176885500720495
5,gp,95,0.7176885500720495
5,gp,96,0.7176885500720495
5,gp,97,0.7176885500720495
5,gp,98,0.7176885500720495
5,gp,99,0.7176885500720495
5,gp,100,0.7176885500720495
5,gp,101,0.7344594556945238
5,gp,102,0.7344594556945238
5,gp,103,0.7344594556945238
5,gp,104,0.7344594556945238
5,gp,105,0.7344594556945238
5,gp,106,0.7344594556945238
5,gp,107,0.7344594556945238
5,gp,108,0.7344594556945238
5,gp,109,0.7344594556945238
5,gp,110,0.7344594556945238
5,gp,111,0.7478786427230231
5,gp,112,0.7478786427230231
5,gp,113,0.7478786427230231
5,gp,114,0.7478786427230231
5,gp,115,0.7478786427230231
5,gp,116,0.7478786427230231
5,gp,117,0.7478786427230231
5,gp,118,0.7478786427230231
5,gp,119,0.7478786427230231
5,gp,120,0.7478786427230231
5,gp,121,0.7478786427230231
5,gp,122,0.7478786427230231
5,gp,123,0.7478786427230231
5,gp,124,0.7478786427230231
5,gp,125,0.7478786427230231
5,gp,126,0.7478786427230231
5,gp,127,0.7478786427230231
5,gp,128,0.7478786427230231
5,gp,129,0.7478786427230231
5,gp,130,0.7478786427230231
5,gp,131,0.7478786427230231
5,gp,132,0.7478786427230231
5,gp,133,0.7478786427230231
5,gp,134,0.7478786427230231
5,gp,135,0.7478786427230231
5,gp,136,0.7478786427230231
5,gp,137,0.7478786427230231
5,gp,138,0.7478786427230231
5,gp,139,0.7478786427230231
5,gp,140,0.7478786427230231
5,gp,141,0.7863175057728834
5,gp,142,0.7863175057728834
5,gp,143,0.7863175057728834
5,gp,144,0.7863175057728834
5,gp,145,0.7863175057728834
5,gp,146,0.7863175057728834
5,gp,147,0.7940369577487177
5,gp,148,0.7940369577487177
5,gp,149,0.7940369577487177
5,gp,150,0.7940369577487177
5,gp,151,0.7940369577487177
5,gp,152,0.7940369577487177
5,gp,153,0.7940369577487177
5,gp,154,0.7940369577487177
5,gp,155,0.7940369577487177
5,gp,156,0.7940369577487177
5,gp,157,0.7940369577487177
5,gp,158,0.7940369577487177
5,gp,159,0.7940369577487177
5,gp,160,0.7940369577487177
5,gp,161,0.7940369577487177
5,gp,162,0.7940369577487177
5,gp,163,0.7941962971263112
5,gp,164,0.7941962971263112
5,gp,165,0.7941962971263112
5,gp,166,0.7941962971263112
5,gp,167,0.7941962971263112
5,gp,168,0.7941962971263112
5,gp,169,0.7941962971263112
5,gp,170,0.7941962971263112
5,gp,171,0.7941962971263112
5,gp,172,0.7941962971263112
5,gp,173,0.7941962971263112
5,gp,174,0.7941962971263112
5,gp,175,0.7941962971263112
5,gp,176,0.7941962971263112
5,gp,177,0.7941962971263112
5,gp,178,0.7941962971263112
5,gp,179,0.7941962971263112
5,gp,180,0.7941962971263112
5,gp,181,0.7941962971263112
5,gp,182,0.7941962971263112
5,gp,183,0.7941962971263112
5,gp,184,0.7941962971263112
5,gp,185,0.7941962971263112
5,gp,186,0.7941962971263112
5,gp,187,0.7941962971263112
5,gp,188,0.7941962971263112
5,gp,189,0.7941962971263112
5,gp,190,0.7941962971263112
5,gp,191,0.7941962971263112
5,gp,192,0.7941962971263112
5,gp,193,0.7941962971263112
5,gp,194,0.8305588640128971
5,gp,195,0.8305588640128971
5,gp,196,0.8305588640128971
5,gp,197,0.8305588640128971
5,gp,198,0.8305588640128971
5,gp,199,0.8305588640128971
5,gp,200,0.8305588640128971
5,random,1,-0.0056724534983728075
5,random,2,-0.0056724534983728075
5,random,3,-0.0056724534983728075
5,random,4,-0.0056724534983728075
5,random,5,0.03268810798590015
5,random,6,0.034882339075112234
5,random,7,0.08193131430438325
5,random,8,0.08193131430438325
5,random,9,0.09254962879761976
5,random,10,0.09254962879761976
5,random,11,0.09254962879761976
5,random,12,0.09254962879761976
5,random,13,0.09254962879761976
5,random,14,0.11370303108552134
5,random,15,0.1392856850998228
5,random,16,0.1392856850998228
5,random,17,0.1392856850998228
5,random,18,0.1392856850998228
5,random,19,0.1392856850998228
5,random,20,0.1392856850998228
5,random,21,0.16030469532112804
5,random,22,0.16030469532112804
5,random,23,0.16030469532112804
5,random,24,0.16030469532112804
5,random,25,0.16875419917226767
5,random,26,0.16875419917226767
5,random,27,0.16875419917226767
5,random,28,0.21855276998103723
5,random,29,0.21855276998103723
5,random,30,0.21855276998103723
5,random,31,0.22580606281157253
5,random,32,0.22580606281157253
5,random,33,0.22580606281157253
5,random,34,0.22580606281157253
5,random,35,0.22580606281157253
5,random,36,0.22580606281157253
5,random,37,0.22580606281157253
5,random,38,0.249531904474945
5,random,39,0.249531904474945
5,random,40,0.249531904474945
5,random,41,0.249531904474945
5,random,42,0.249531904474945
5,random,43,0.249531904474945
5,random,44,0.249531904474945
5,random,45,0.25986484331076604
5,random,46,0.298516094597809
5,random,47,0.298516094597809
5,random,48,0.298516094597809
5,random,49,0.298516094597809
5,random,50,0.298516094597809
5,random,51,0.298516094597809
5,random,52,0.298516094597809
5,random,53,0.298516094597809
5,random,54,0.298516094597809
5,random,55,0.298516094597809
5,random,56,0.298516094597809
5,random,57,0.298516094597809
5,random,58,0.298516094597809
5,random,59,0.31354140867124614
5,random,60,0.31354140867124614
5,random,61,0.31354140867124614
5,random,62,0.3471541360994012
5,random,63,0.3471541360994012
5,random,64,0.3471541360994012
5,random,65,0.3471541360994012
5,random,66,0.3471541360994012
5,random,67,0.3934515071939513
5,random,68,0.3934515071939513
5,random,69,0.3934515071939513
5,random,70,0.3934515071939513
5,random,71,0.3934515071939513
5,random,72,0.3934515071939513
5,random,73,0.3934515071939513
5,random,74,0.3934515071939513
5,random,75,0.3934515071939513
5,random,76,0.3934515071939513
5,random,77,0.3934515071939513
5,random,78,0.3934515071939513
5,random,79,0.3934515071939513
5,random,80,0.3934515071939513
5,random,81,0.3934515071939513
5,random,82,0.3934515071939513
5,random,83,0.3934515071939513
5,random,84,0.3934515071939513
5,random,85,0.3934515071939513
5,random,86,0.3934515071939513
5,random,87,0.3934515071939513
5,random,88,0.3934515071939513
5,random,89,0.3934515071939513
5,random,90,0.3934515071939513
5,random,91,0.40354457509730746
5,random,92,0.40354457509730746
5,random,93,0.4081699155595553
5,random,94,0.4081699155595553
5,random,95,0.4083908766872062
5,random,96,0.4083908766872062
5,random,97,0.4083908766872062
5,random,98,0.4083908766872062
5,random,99,0.4083908766872062
5,random,100,0.42038674718801256
5,random,101,0.45765903178182676
5,random,102,0.45765903178182676
5,random,103,0.45765903178182676
5,random,104,0.45765903178182676
5,random,105,0.45765903178182676
5,random,106,0.45765903178182676
5,random,107,0.45765903178182676
5,random,108,0.45765903178182676
5,random,109,0.45765903178182676
5,random,110,0.45765903178182676
5,random,111,0.45765903178182676
5,random,112,0.45765903178182676
5,random,113,0.45765903178182676
5,random,114,0.45765903178182676
5,random,115,0.45765903178182676
5,random,116,0.45765903178182676
5,random,117,0.45765903178182676
5,random,118,0.45765903178182676
5,random,119,0.45765903178182676
5,random,120,0.45765903178182676
5,random,121,0.45765903178182676
5,random,122,0.45765903178182676
5,random,123,0.45765903178182676
5,random,124,0.45765903178182676
5,random,125,0.45765903178182676
5,random,126,0.45765903178182676
5,random,127,0.45765903178182676
5,random,128,0.45765903178182676
5,random,129,0.45765903178182676
5,random,130,0.45765903178182676
5,random,131,0.45765903178182676
5,random,132,0.50137067805552
5,random,133,0.50137067805552
5,random,134,0.50137067805552
5,random,135,0.50137067805552
5,random,136,0.50137067805552
5,random,137,0.50137067805552
5,random,138,0.50137067805552
5,random,139,0.50137067805552
5,random,140,0.50137067805552
5,random,141,0.50137067805552
5,random,142,0.50137067805552
5,random,143,0.50137067805552
5,random,144,0.50137067805552
5,random,145,0.50137067805552
5,random,146,0.5100230137765257
5,random,147,0.5100230137765257
5,random,148,0.5100230137765257
5,random,149,0.5100230137765257
5,random,150,0.5100230137765257
5,random,151,0.5100230137765257
5,random,152,0.5100230137765257
5,random,153,0.5100230137765257
5,random,154,0.5100230137765257
5,random,155,0.5100230137765257
5,random,156,0.5100230137765257
5,random,157,0.5100230137765257
5,random,158,0.5100230137765257
5,random,159,0.5100230137765257
5,random,160,0.5100230137765257
5,random,161,0.5100230137765257
5,random,162,0.5100230137765257
5,random,163,0.5100230137765257
5,random,164,0.5100230137765257
5,random,165,0.5100230137765257
5,random,166,0.5100230137765257
5,random,167,0.5100230137765257
5,random,168,0.5345149586904987
5,random,169,0.5345149586904987
5,random,170,0.5345149586904987
5,random,171,0.5345149586904987
5,random,172,0.5345149586904987
5,random,173,0.5345149586904987
5,random,174,0.5345149586904987
5,random,175,0.5345149586904987
5,random,176,0.5345149586904987
5,random,177,0.5345149586904987
5,random,178,0.5345149586904987
5,random,179,0.5345149586904987
5,random,180,0.5345149586904987
5,random,181,0.5345149586904987
5,random,182,0.5345149586904987
5,random,183,0.5345149586904987
5,random,184,0.5345149586904987
5,random,185,0.5345149586904987
5,random,186,0.5345149586904987
5,random,187,0.5345149586904987
5,random,188,0.5345149586904987
5,random,189,0.5345149586904987
5,random,190,0.5345149586904987
5,random,191,0.5345149586904987
5,random,192,0.5345149586904987
5,random,193,0.5345149586904987
5,random,194,0.5345149586904987
5,random,195,0.5345149586904987
5,random,196,0.5345149586904987
5,random,197,0.5604243108006649
5,random,198,0.5604243108006649
5,random,199,0.5604243108006649
5,random,200,0.5604243108006649
