Date,Action,Predicted_Q25,Predicted_Q75,Actual_Q25,Actual_Q75,RL_Reward
2010-12-13,0,0.0,0.0,0.0,0.0,1.0
2010-12-15,0,0.0,0.0,0.0,0.0,0.9950248756218907
2010-12-17,0,0.0,0.0,0.0,0.0,0.9950248756218907
2010-12-21,0,0.0,0.0,0.0,0.0,0.9950248756218907
2010-12-23,0,0.0,0.0,0.0,0.0,0.9950248756218907
2010-12-28,0,0.0,0.0,0.0,0.0,0.9950248756218907
2010-12-30,0,0.0,0.0,0.0,0.0,0.9950248756218907
2011-01-03,0,0.0,0.0,0.0,0.0,0.9950248756218907
2011-01-05,0,0.0,0.0,0.0,0.0,0.9950248756218907
2011-01-07,0,0.0,0.0,0.0,0.0,0.9950248756218907
2011-01-11,0,0.0,0.0,0.0,0.0,0.9950248756218907
2011-01-13,0,0.0,0.0,0.0,0.0,1.0
2011-01-18,0,0.0,0.0,0.0,0.0,1.0
2011-01-20,0,0.0,0.0,0.0,0.0,1.0
2011-01-24,0,0.0,0.0,0.0,0.0,1.0
2011-01-26,0,0.0,0.0,0.0,0.0,1.0
2011-01-28,0,0.0,0.0,0.0,0.0,0.9950248756218907
2011-02-01,0,0.0,0.0,0.0,0.0,0.9950248756218907
2011-02-03,0,0.0,0.0,0.0,0.0,0.9950248756218907
2011-02-07,1,8.270226242561959e-06,9.239622563445208e-06,0.0,0.0,0.9950171704343306
2011-02-09,1,7.921132265636214e-06,8.830503377817296e-06,0.0,0.0,0.9950175022957428
2011-02-11,1,7.5720382887104655e-06,8.42138419218938e-06,0.0,0.0,0.9950178341573764
2011-02-15,1,7.2229443117847195e-06,8.01226500656147e-06,0.0,0.0,0.9950181660192311
2011-02-17,1,6.87385033485897e-06,7.603145820933556e-06,0.0,0.0,0.9950184978813075
2011-02-22,1,6.524756357933224e-06,7.194026635305646e-06,0.0,0.0,0.995018829743605
2011-02-24,1,6.703340674974032e-06,7.364560690176724e-06,0.0,0.0,0.9950186734045542
2011-02-28,1,1.5796493211881068e-05,1.7669443974115003e-05,0.0,0.0,0.9999832673113946
2011-03-02,1,1.8012376220038758e-05,2.010677753485603e-05,0.0,0.0,0.9999809407863831
2011-03-04,1,1.677706494208516e-05,1.86859296769319e-05,0.0,0.0,0.9999822688170908
2011-03-08,1,1.602441711621339e-05,1.7803867292765436e-05,0.0,0.0,0.999983086143879
2011-03-10,1,1.5271769290341617e-05,1.6921804908598963e-05,0.0,0.0,0.9999839034720029
2011-03-14,1,1.4519121464469841e-05,1.6039742524432497e-05,0.0,0.0,0.999984720801463
2011-03-16,1,1.3766473638598072e-05,1.5157680140266031e-05,0.0,0.0,0.9999855381322593
2011-03-18,1,1.3013825812726298e-05,1.4275617756099563e-05,0.0,0.0,0.9999863554643914
2011-03-22,1,1.2261177986854525e-05,1.3393555371933096e-05,0.0,0.0,0.99998717279786
2011-03-24,1,7.81941235075865e-06,8.500870348035685e-06,0.0,0.0,0.99501767191036
2011-03-28,1,7.30802960916875e-06,7.901557542281008e-06,0.0,0.0,0.995018158049931
2011-03-30,1,2.5901280226145228e-05,2.7828058583252295e-05,0.0,0.0,0.987287335836381
2011-04-01,-1,-9.946526757518815e-06,-8.487190785373202e-06,0.0,0.0,0.9872999855629663
2011-04-05,-1,-9.946526757518839e-06,-8.48719078537322e-06,0.0,0.0,0.9872999855629663
2011-04-07,-1,-9.946526757518825e-06,-8.48719078537321e-06,0.0,0.0,0.9872999855629663
2011-04-11,-1,-9.946526757518775e-06,-8.487190785373162e-06,0.0,0.0,0.9872999855629663
2011-04-13,-1,-9.946526757518727e-06,-8.487190785373128e-06,0.0,0.0,0.9872999855629663
2011-04-15,-1,-9.946526757518764e-06,-8.487190785373158e-06,0.0,0.0,0.9824511362626593
2011-04-19,-1,-8.159278449787271e-06,-6.962164237077172e-06,0.0,0.0,0.9824523671252147
2011-04-21,1,3.326606607951376e-05,3.593218073416633e-05,0.0,0.0,0.9871075826019354
2011-04-26,1,3.1145355178826875e-05,3.342364852674383e-05,0.0,0.0,0.9871093152648652
2011-04-28,1,5.39800271339334e-05,5.91549513425145e-05,0.0,0.0,0.9947984065255068
2011-05-02,1,5.831379228650483e-05,6.39279552677581e-05,0.0,0.0,0.9947943944855803
2011-05-04,1,5.491053785388247e-05,5.993952586482059e-05,0.0,0.0,0.9947976283037386
2011-05-06,1,5.14642171307741e-05,5.590431460865407e-05,0.0,0.0,0.9948009017875585
2011-05-10,1,4.8063808228613793e-05,5.1919220012909626e-05,0.0,0.0,0.9898804471444196
2011-05-12,0,0.0,0.0,0.0,0.0,0.989924157661807
2011-05-16,0,0.0,0.0,0.0,0.0,0.9948482793866725
2011-05-18,0,0.0,0.0,0.0,0.0,0.9948482793866725
2011-05-20,1,4.781685318621516e-05,5.15919141578707e-05,0.0,0.0,0.9949756670126392
2011-05-24,0,0.0,0.0,0.0,0.0,0.9950248756218907
2011-05-26,0,0.0,0.0,0.0,0.0,0.9950248756218907
2011-05-31,0,0.0,0.0,0.0,0.0,0.9950248756218907
2011-06-02,0,0.0,0.0,0.0,0.0,0.9950248756218907
2011-06-06,0,0.0,0.0,0.0,0.0,0.9950248756218907
2011-06-08,-1,-0.00029152515331092656,-0.0002734252095048527,0.0,0.0,0.9997176045882873
2011-06-10,-1,-0.0005872838853783629,-0.0005356941682267795,0.0,0.0,0.9994388260662033
2011-06-14,-1,-0.0005503414210284884,-0.0005041374949314707,0.0,0.0,0.9994730383769804
2011-06-16,-1,-0.0005124668681650315,-0.0004717428607397967,0.0,0.0,0.9995081371836322
2011-06-20,-1,-0.0004759596631120831,-0.00044059192515407623,0.0,0.0,0.9995419341263688
2011-06-22,-1,-0.0004394524580591346,-0.0004094409895683556,0.0,0.0,0.9995757333547739
2011-06-24,-1,-0.0004032695662410812,-0.00037859654097209343,0.0,0.0,0.9996092197153235
2011-06-28,-1,-0.0003667308408494511,-0.00034741870965336667,0.0,0.0,0.999643052681632
2011-06-30,-1,-0.00032741034175880397,-0.00031355042347110866,0.0,0.0,0.9949812828389986
2011-07-05,-1,-0.00026638001327156113,-0.00025865202005436366,0.0,0.0,0.9950386701611383
2011-07-07,0,0.0,0.0,0.0,0.0,0.9952986556942396
2011-07-11,0,0.0,0.0,0.0,0.0,0.9952986556942396
2011-07-13,0,0.0,0.0,0.0,0.0,0.9952986556942396
2011-07-15,-1,-0.00013970187181707477,-0.00012903761240519706,0.0,0.0,0.9951655642184376
2011-07-19,-1,-0.00011266352400179603,-9.745741003635192e-05,0.0,0.0,0.9902788434056136
2011-07-21,-1,-0.0002122340618979086,-0.00020415832174570966,0.0,0.0,0.9901871264125748
2011-07-25,-1,-0.0001878040571282281,-0.0001833126420001522,0.0,0.0,0.9902067515328069
2011-07-27,-1,-0.0001633740523585476,-0.0001624669622545947,0.0,0.0,0.9902263774309787
2011-07-29,-1,-8.964277846232973e-05,-8.011519734409644e-05,0.0,0.0,0.994950191659813
2011-08-02,-1,-0.00032700896347821035,-0.00030860227997863397,0.0,0.0,0.9947435914408563
2011-08-04,-1,-0.0002951786817174084,-0.00028136235671500487,0.0,0.0,0.9947694407690724
2011-08-08,-1,-0.00026371796528582063,-0.0002544757416560788,0.0,0.0,0.9947949711339068
2011-08-10,-1,-0.00020878563626115099,-0.00020447548775046043,0.0,0.0,0.9947500984202254
2011-08-12,0,0.0,0.0,0.0,0.0,0.994912890290918
2011-08-16,0,0.0,0.0,0.0,0.0,0.9998868920797334
2011-08-18,1,2.2896000492718404e-05,2.3325887909897138e-05,0.0,0.0,0.9998637868972202
2011-08-22,1,1.879263977810689e-05,1.9806585333360133e-05,0.0,0.0,0.9998675972051504
2011-08-24,0,0.0,0.0,0.0,0.0,0.9998868920797334
2011-08-26,0,0.0,0.0,0.0,0.0,0.9998868920797334
2011-08-30,0,0.0,0.0,0.0,0.0,0.9998868920797334
2011-09-01,0,0.0,0.0,0.0,0.0,0.9998868920797334
2011-09-06,1,3.5002033706684264e-06,4.210200994000434e-06,0.0,0.0,0.999883037764467
2011-09-08,0,0.0,0.0,0.0,0.0,1.0
2011-09-12,0,0.0,0.0,0.0,0.0,1.0
2011-09-14,0,0.0,0.0,0.0,0.0,1.0
2011-09-16,0,0.0,0.0,0.0,0.0,1.0
2011-09-20,0,0.0,0.0,0.0,0.0,1.0
2011-09-22,1,0.5403023058681398,0.5403023058681399,0.0,0.0,0.6492232052047624
2011-09-26,0,0.0,0.0,0.0,0.0,1.0
2011-09-28,0,0.0,0.0,0.0,0.0,1.0
2011-09-30,0,0.0,0.0,0.0,0.0,0.9950248756218907
2011-10-04,0,0.0,0.0,0.0,0.0,0.9950248756218907
2011-10-06,0,0.0,0.0,0.0,0.0,0.9950248756218907
2011-10-10,0,0.0,0.0,0.0,0.0,0.9950248756218907
2011-10-12,0,0.0,0.0,0.0,0.0,0.9950248756218907
2011-10-14,0,0.0,0.0,0.0,0.0,0.9950248756218907
2011-10-18,0,0.0,0.0,0.0,0.0,0.9950248756218907
2011-10-20,0,0.0,0.0,0.0,0.0,0.9950248756218907
2011-10-24,0,0.0,0.0,0.0,0.0,0.9950248756218907
2011-10-26,0,0.0,0.0,0.0,0.0,0.9950248756218907
2011-10-28,0,0.0,0.0,0.0,0.0,1.0
2011-11-01,0,0.0,0.0,0.0,0.0,1.0
2011-11-03,0,0.0,0.0,0.0,0.0,1.0
2011-11-07,0,0.0,0.0,0.0,0.0,1.0
2011-11-09,0,0.0,0.0,0.0,0.0,1.0
2011-11-11,0,0.0,0.0,0.0,0.0,1.0
2011-11-15,0,0.0,0.0,0.0,0.0,1.0
2011-11-17,0,0.0,0.0,0.0,0.0,1.0
2011-11-21,0,0.0,0.0,0.0,0.0,1.0
2011-11-23,0,0.0,0.0,0.0,0.0,1.0
2011-11-28,0,0.0,0.0,0.0,0.0,1.0
2011-11-30,0,0.0,0.0,0.0,0.0,1.0
2011-12-02,0,0.0,0.0,0.0,0.0,1.0
2011-12-06,0,0.0,0.0,0.0,0.0,1.0
2011-12-08,0,0.0,0.0,0.0,0.0,1.0
2011-12-12,0,0.0,0.0,0.0,0.0,1.0
2011-12-14,0,0.0,0.0,0.0,0.0,1.0
2011-12-16,0,0.0,0.0,0.0,0.0,1.0
2011-12-20,0,0.0,0.0,0.0,0.0,1.0
2011-12-22,0,0.0,0.0,0.0,0.0,1.0
2011-12-27,0,0.0,0.0,0.0,0.0,1.0
2011-12-29,0,0.0,0.0,0.0,0.0,1.0
2012-01-03,0,0.0,0.0,0.0,0.0,1.0
2012-01-05,0,0.0,0.0,0.0,0.0,1.0
2012-01-09,0,0.0,0.0,0.0,0.0,1.0
2012-01-11,0,0.0,0.0,0.0,0.0,1.0
2012-01-13,0,0.0,0.0,0.0,0.0,1.0
2012-01-18,0,0.0,0.0,0.0,0.0,1.0
2012-01-20,0,0.0,0.0,0.0,0.0,1.0
2012-01-24,0,0.0,0.0,0.0,0.0,1.0
2012-01-26,0,0.0,0.0,0.0,0.0,1.0
2012-01-30,0,0.0,0.0,0.0,0.0,1.0
2012-02-01,0,0.0,0.0,0.0,0.0,1.0
2012-02-03,0,0.0,0.0,0.0,0.0,1.0
2012-02-07,0,0.0,0.0,0.0,0.0,1.0
2012-02-09,0,0.0,0.0,0.0,0.0,1.0
2012-02-13,0,0.0,0.0,0.0,0.0,1.0
2012-02-15,0,0.0,0.0,0.0,0.0,1.0
2012-02-17,0,0.0,0.0,0.0,0.0,1.0
2012-02-22,0,0.0,0.0,0.0,0.0,1.0
2012-02-24,0,0.0,0.0,0.0,0.0,1.0
2012-02-28,0,0.0,0.0,0.0,0.0,1.0
2012-03-01,0,0.0,0.0,0.0,0.0,1.0
2012-03-05,0,0.0,0.0,0.0,0.0,1.0
2012-03-07,0,0.0,0.0,0.0,0.0,1.0
2012-03-09,0,0.0,0.0,0.0,0.0,1.0
2012-03-13,0,0.0,0.0,0.0,0.0,1.0
2012-03-15,0,0.0,0.0,0.0,0.0,1.0
2012-03-19,0,0.0,0.0,0.0,0.0,1.0
2012-03-21,0,0.0,0.0,0.0,0.0,1.0
2012-03-23,0,0.0,0.0,0.0,0.0,1.0
2012-03-27,0,0.0,0.0,0.0,0.0,1.0
2012-03-29,1,1.0,1.0,0.0,0.0,0.5
2012-04-02,0,0.0,0.0,0.0,0.0,1.0
2012-04-04,0,0.0,0.0,0.0,0.0,1.0
2012-04-09,0,0.0,0.0,0.0,0.0,1.0
2012-04-11,0,0.0,0.0,0.0,0.0,1.0
2012-04-13,0,0.0,0.0,0.0,0.0,1.0
2012-04-17,0,0.0,0.0,0.0,0.0,1.0
2012-04-19,0,0.0,0.0,0.0,0.0,1.0
2012-04-23,0,0.0,0.0,0.0,0.0,1.0
2012-04-25,0,0.0,0.0,0.0,0.0,1.0
2012-04-27,0,0.0,0.0,0.0,0.0,1.0
2012-05-01,0,0.0,0.0,0.0,0.0,1.0
2012-05-03,0,0.0,0.0,0.0,0.0,1.0
2012-05-07,0,0.0,0.0,0.0,0.0,1.0
2012-05-09,0,0.0,0.0,0.0,0.0,1.0
2012-05-11,0,0.0,0.0,0.0,0.0,1.0
2012-05-15,0,0.0,0.0,0.0,0.0,1.0
2012-05-17,0,0.0,0.0,0.0,0.0,1.0
2012-05-21,0,0.0,0.0,0.0,0.0,1.0
2012-05-23,0,0.0,0.0,0.0,0.0,1.0
2012-05-25,0,0.0,0.0,0.0,0.0,1.0
2012-05-30,0,0.0,0.0,0.0,0.0,1.0
2012-06-01,0,0.0,0.0,0.0,0.0,1.0
2012-06-05,0,0.0,0.0,0.0,0.0,1.0
2012-06-07,0,0.0,0.0,0.0,0.0,1.0
2012-06-11,0,0.0,0.0,0.0,0.0,1.0
2012-06-13,0,0.0,0.0,0.0,0.0,1.0
2012-06-15,0,0.0,0.0,0.0,0.0,1.0
2012-06-19,0,0.0,0.0,0.0,0.0,1.0
2012-06-21,0,0.0,0.0,0.0,0.0,1.0
2012-06-25,0,0.0,0.0,0.0,0.0,1.0
2012-06-27,0,0.0,0.0,0.0,0.0,1.0
2012-06-29,0,0.0,0.0,0.0,0.0,1.0
2012-07-03,0,0.0,0.0,0.0,0.0,1.0
2012-07-06,0,0.0,0.0,0.0,0.0,1.0
2012-07-10,0,0.0,0.0,0.0,0.0,1.0
2012-07-12,0,0.0,0.0,0.0,0.0,1.0
2012-07-16,0,0.0,0.0,0.0,0.0,1.0
2012-07-18,0,0.0,0.0,0.0,0.0,0.9950248756218907
2012-07-20,0,0.0,0.0,0.0,0.0,0.9950248756218907
2012-07-24,0,0.0,0.0,0.0,0.0,0.9950248756218907
2012-07-26,0,0.0,0.0,0.0,0.0,0.9950248756218907
2012-07-30,0,0.0,0.0,0.0,0.0,0.9950248756218907
2012-08-01,0,0.0,0.0,0.0,0.0,0.9950248756218907
2012-08-03,0,0.0,0.0,0.0,0.0,0.9950248756218907
2012-08-07,0,0.0,0.0,0.0,0.0,0.9950248756218907
2012-08-09,0,0.0,0.0,0.0,0.0,0.9950248756218907
2012-08-13,0,0.0,0.0,0.0,0.0,0.9950248756218907
2012-08-15,0,0.0,0.0,0.0,0.0,1.0
2012-08-17,0,0.0,0.0,0.0,0.0,1.0
2012-08-21,0,0.0,0.0,0.0,0.0,1.0
2012-08-23,0,0.0,0.0,0.0,0.0,1.0
2012-08-27,0,0.0,0.0,0.0,0.0,1.0
2012-08-29,0,0.0,0.0,0.0,0.0,1.0
2012-08-31,0,0.0,0.0,0.0,0.0,0.9979550091531066
2012-09-05,0,0.0,0.0,0.0,0.0,0.9979550091531066
2012-09-07,0,0.0,0.0,0.0,0.0,0.9979550091531066
2012-09-11,0,0.0,0.0,0.0,0.0,0.9979550091531066
2012-09-13,0,0.0,0.0,0.0,0.0,0.9979550091531066
2012-09-17,0,0.0,0.0,0.0,0.0,0.9979550091531066
2012-09-19,0,0.0,0.0,0.0,0.0,0.9979550091531066
2012-09-21,0,0.0,0.0,0.0,0.0,0.9979550091531066
2012-09-25,0,0.0,0.0,0.0,0.0,0.9979550091531066
2012-09-27,0,0.0,0.0,0.0,0.0,0.9979550091531066
2012-10-01,0,0.0,0.0,0.0,0.0,1.0
2012-10-03,0,0.0,0.0,0.0,0.0,1.0
2012-10-05,0,0.0,0.0,0.0,0.0,1.0
2012-10-09,0,0.0,0.0,0.0,0.0,1.0
2012-10-11,0,0.0,0.0,0.0,0.0,1.0
2012-10-15,0,0.0,0.0,0.0,0.0,1.0
2012-10-17,0,0.0,0.0,0.0,0.0,1.0
2012-10-19,0,0.0,0.0,0.0,0.0,1.0
2012-10-23,0,0.0,0.0,0.0,0.0,1.0
2012-10-25,0,0.0,0.0,0.0,0.0,1.0
2012-10-31,0,0.0,0.0,0.0,0.0,1.0
2012-11-02,0,0.0,0.0,0.0,0.0,1.0
2012-11-06,0,0.0,0.0,0.0,0.0,1.0
2012-11-08,0,0.0,0.0,0.0,0.0,1.0
2012-11-12,0,0.0,0.0,0.0,0.0,1.0
2012-11-14,0,0.0,0.0,0.0,0.0,1.0
2012-11-16,0,0.0,0.0,0.0,0.0,1.0
2012-11-20,0,0.0,0.0,0.0,0.0,1.0
2012-11-23,0,0.0,0.0,0.0,0.0,1.0
2012-11-27,0,0.0,0.0,0.0,0.0,1.0
2012-11-29,0,0.0,0.0,0.0,0.0,1.0
2012-12-03,0,0.0,0.0,0.0,0.0,1.0
2012-12-05,0,0.0,0.0,0.0,0.0,1.0
2012-12-07,0,0.0,0.0,0.0,0.0,1.0
2012-12-11,0,0.0,0.0,0.0,0.0,1.0
2012-12-13,0,0.0,0.0,0.0,0.0,1.0
2012-12-17,0,0.0,0.0,0.0,0.0,1.0
2012-12-19,0,0.0,0.0,0.0,0.0,1.0
2012-12-21,0,0.0,0.0,0.0,0.0,1.0
2012-12-26,0,0.0,0.0,0.0,0.0,1.0
2012-12-28,0,0.0,0.0,0.0,0.0,1.0
2013-01-02,0,0.0,0.0,0.0,0.0,1.0
2013-01-04,0,0.0,0.0,0.0,0.0,1.0
2013-01-08,0,0.0,0.0,0.0,0.0,1.0
2013-01-10,0,0.0,0.0,0.0,0.0,1.0
2013-01-14,0,0.0,0.0,0.0,0.0,1.0
2013-01-16,0,0.0,0.0,0.0,0.0,1.0
2013-01-18,0,0.0,0.0,0.0,0.0,1.0
2013-01-23,0,0.0,0.0,0.0,0.0,1.0
2013-01-25,0,0.0,0.0,0.0,0.0,1.0
2013-01-29,0,0.0,0.0,0.0,0.0,1.0
2013-01-31,0,0.0,0.0,0.0,0.0,1.0
2013-02-04,0,0.0,0.0,0.0,0.0,1.0
2013-02-06,0,0.0,0.0,0.0,0.0,1.0
2013-02-08,0,0.0,0.0,0.0,0.0,1.0
2013-02-12,0,0.0,0.0,0.0,0.0,1.0
2013-02-14,0,0.0,0.0,0.0,0.0,0.9950248756218907
2013-02-19,0,0.0,0.0,0.0,0.0,0.9950248756218907
2013-02-21,0,0.0,0.0,0.0,0.0,0.9950248756218907
2013-02-25,0,0.0,0.0,0.0,0.0,0.9950248756218907
2013-02-27,0,0.0,0.0,0.0,0.0,0.9950248756218907
2013-03-01,0,0.0,0.0,0.0,0.0,0.9950248756218907
2013-03-05,0,0.0,0.0,0.0,0.0,0.9904054455646579
2013-03-07,0,0.0,0.0,0.0,0.0,0.9904054455646579
2013-03-11,0,0.0,0.0,0.0,0.0,0.9904054455646579
2013-03-13,0,0.0,0.0,0.0,0.0,0.9904054455646579
2013-03-15,0,0.0,0.0,0.0,0.0,0.9953343684580503
2013-03-19,-1,-0.04436603978897187,-0.044105629706067094,0.0,0.0,0.957419979600396
2013-03-21,0,0.0,0.0,0.0,0.0,0.9953343684580503
2013-03-25,0,0.0,0.0,0.0,0.0,0.9953343684580503
2013-03-27,0,0.0,0.0,0.0,0.0,0.9953343684580503
2013-04-01,0,0.0,0.0,0.0,0.0,0.9953343684580503
2013-04-03,0,0.0,0.0,0.0,0.0,1.0
2013-04-05,0,0.0,0.0,0.0,0.0,1.0
2013-04-09,0,0.0,0.0,0.0,0.0,1.0
2013-04-11,0,0.0,0.0,0.0,0.0,1.0
2013-04-15,0,0.0,0.0,0.0,0.0,1.0
2013-04-17,0,0.0,0.0,0.0,0.0,1.0
2013-04-19,0,0.0,0.0,0.0,0.0,1.0
2013-04-23,0,0.0,0.0,0.0,0.0,1.0
2013-04-25,0,0.0,0.0,0.0,0.0,1.0
2013-04-29,0,0.0,0.0,0.0,0.0,1.0
2013-05-01,0,0.0,0.0,0.0,0.0,1.0
2013-05-03,0,0.0,0.0,0.0,0.0,1.0
2013-05-07,0,0.0,0.0,0.0,0.0,1.0
2013-05-09,0,0.0,0.0,0.0,0.0,1.0
2013-05-13,0,0.0,0.0,0.0,0.0,1.0
2013-05-15,0,0.0,0.0,0.0,0.0,1.0
2013-05-17,0,0.0,0.0,0.0,0.0,1.0
2013-05-21,0,0.0,0.0,0.0,0.0,1.0
2013-05-23,0,0.0,0.0,0.0,0.0,1.0
2013-05-28,0,0.0,0.0,0.0,0.0,1.0
2013-05-30,0,0.0,0.0,0.0,0.0,1.0
2013-06-03,0,0.0,0.0,0.0,0.0,1.0
2013-06-05,0,0.0,0.0,0.0,0.0,1.0
2013-06-07,0,0.0,0.0,0.0,0.0,1.0
2013-06-11,0,0.0,0.0,0.0,0.0,1.0
2013-06-13,0,0.0,0.0,0.0,0.0,1.0
2013-06-17,0,0.0,0.0,0.0,0.0,1.0
2013-06-19,0,0.0,0.0,0.0,0.0,1.0
2013-06-21,0,0.0,0.0,0.0,0.0,1.0
2013-06-25,0,0.0,0.0,0.0,0.0,1.0
2013-06-27,0,0.0,0.0,0.0,0.0,1.0
2013-07-01,0,0.0,0.0,0.0,0.0,1.0
2013-07-03,0,0.0,0.0,0.0,0.0,1.0
2013-07-08,0,0.0,0.0,0.0,0.0,1.0
2013-07-10,0,0.0,0.0,0.0,0.0,1.0
2013-07-12,0,0.0,0.0,0.0,0.0,1.0
2013-07-16,0,0.0,0.0,0.0,0.0,1.0
2013-07-18,0,0.0,0.0,0.0,0.0,1.0
2013-07-22,0,0.0,0.0,0.0,0.0,1.0
2013-07-24,0,0.0,0.0,0.0,0.0,1.0
2013-07-26,0,0.0,0.0,0.0,0.0,1.0
2013-07-30,0,0.0,0.0,0.0,0.0,1.0
2013-08-01,0,0.0,0.0,0.0,0.0,1.0
2013-08-05,0,0.0,0.0,0.0,0.0,1.0
2013-08-07,0,0.0,0.0,0.0,0.0,1.0
2013-08-09,0,0.0,0.0,0.0,0.0,1.0
2013-08-13,0,0.0,0.0,0.0,0.0,1.0
2013-08-15,0,0.0,0.0,0.0,0.0,1.0
2013-08-19,0,0.0,0.0,0.0,0.0,1.0
2013-08-21,0,0.0,0.0,0.0,0.0,1.0
2013-08-23,0,0.0,0.0,0.0,0.0,1.0
2013-08-27,0,0.0,0.0,0.0,0.0,1.0
2013-08-29,0,0.0,0.0,0.0,0.0,1.0
2013-09-03,0,0.0,0.0,0.0,0.0,1.0
2013-09-05,0,0.0,0.0,0.0,0.0,1.0
2013-09-09,0,0.0,0.0,0.0,0.0,1.0
2013-09-11,0,0.0,0.0,0.0,0.0,1.0
2013-09-13,0,0.0,0.0,0.0,0.0,1.0
2013-09-17,0,0.0,0.0,0.0,0.0,1.0
2013-09-19,0,0.0,0.0,0.0,0.0,1.0
2013-09-23,0,0.0,0.0,0.0,0.0,1.0
2013-09-25,0,0.0,0.0,0.0,0.0,1.0
2013-09-27,0,0.0,0.0,0.0,0.0,1.0
2013-10-01,0,0.0,0.0,0.0,0.0,1.0
2013-10-03,0,0.0,0.0,0.0,0.0,1.0
2013-10-07,0,0.0,0.0,0.0,0.0,1.0
2013-10-09,0,0.0,0.0,0.0,0.0,1.0
2013-10-11,0,0.0,0.0,0.0,0.0,1.0
2013-10-15,0,0.0,0.0,0.0,0.0,1.0
2013-10-17,0,0.0,0.0,0.0,0.0,1.0
2013-10-21,0,0.0,0.0,0.0,0.0,1.0
2013-10-23,0,0.0,0.0,0.0,0.0,1.0
2013-10-25,0,0.0,0.0,0.0,0.0,1.0
2013-10-29,0,0.0,0.0,0.0,0.0,1.0
2013-10-31,0,0.0,0.0,0.0,0.0,1.0
2013-11-04,0,0.0,0.0,0.0,0.0,1.0
2013-11-06,0,0.0,0.0,0.0,0.0,1.0
2013-11-08,0,0.0,0.0,0.0,0.0,1.0
2013-11-12,0,0.0,0.0,0.0,0.0,1.0
2013-11-14,0,0.0,0.0,0.0,0.0,1.0
2013-11-18,0,0.0,0.0,0.0,0.0,1.0
2013-11-20,0,0.0,0.0,0.0,0.0,1.0
2013-11-22,0,0.0,0.0,0.0,0.0,1.0
2013-11-26,0,0.0,0.0,0.0,0.0,1.0
2013-11-29,0,0.0,0.0,0.0,0.0,1.0
2013-12-03,0,0.0,0.0,0.0,0.0,1.0
2013-12-05,0,0.0,0.0,0.0,0.0,1.0
2013-12-09,0,0.0,0.0,0.0,0.0,1.0
2013-12-11,0,0.0,0.0,0.0,0.0,1.0
2013-12-13,0,0.0,0.0,0.0,0.0,1.0
2013-12-17,0,0.0,0.0,0.0,0.0,1.0
2013-12-19,0,0.0,0.0,0.0,0.0,1.0
2013-12-23,0,0.0,0.0,0.0,0.0,1.0
2013-12-26,0,0.0,0.0,0.0,0.0,1.0
2013-12-30,0,0.0,0.0,0.0,0.0,1.0
2014-01-02,0,0.0,0.0,0.0,0.0,1.0
2014-01-06,0,0.0,0.0,0.0,0.0,1.0
2014-01-08,0,0.0,0.0,0.0,0.0,1.0
2014-01-10,0,0.0,0.0,0.0,0.0,1.0
2014-01-14,0,0.0,0.0,0.0,0.0,1.0
2014-01-16,0,0.0,0.0,0.0,0.0,1.0
2014-01-21,0,0.0,0.0,0.0,0.0,1.0
2014-01-23,0,0.0,0.0,0.0,0.0,1.0
2014-01-27,0,0.0,0.0,0.0,0.0,1.0
2014-01-29,0,0.0,0.0,0.0,0.0,1.0
2014-01-31,0,0.0,0.0,0.0,0.0,1.0
2014-02-04,0,0.0,0.0,0.0,0.0,1.0
2014-02-06,0,0.0,0.0,0.0,0.0,1.0
2014-02-10,0,0.0,0.0,0.0,0.0,1.0
2014-02-12,0,0.0,0.0,0.0,0.0,1.0
2014-02-14,0,0.0,0.0,0.0,0.0,1.0
2014-02-19,0,0.0,0.0,0.0,0.0,1.0
2014-02-21,0,0.0,0.0,0.0,0.0,1.0
2014-02-25,0,0.0,0.0,0.0,0.0,1.0
2014-02-27,0,0.0,0.0,0.0,0.0,1.0
2014-03-03,0,0.0,0.0,0.0,0.0,1.0
2014-03-05,0,0.0,0.0,0.0,0.0,1.0
2014-03-07,0,0.0,0.0,0.0,0.0,1.0
2014-03-11,0,0.0,0.0,0.0,0.0,1.0
2014-03-13,0,0.0,0.0,0.0,0.0,1.0
2014-03-17,0,0.0,0.0,0.0,0.0,1.0
2014-03-19,0,0.0,0.0,0.0,0.0,1.0
2014-03-21,0,0.0,0.0,0.0,0.0,1.0
2014-03-25,0,0.0,0.0,0.0,0.0,1.0
2014-03-27,0,0.0,0.0,0.0,0.0,1.0
2014-03-31,0,0.0,0.0,0.0,0.0,1.0
2014-04-02,0,0.0,0.0,0.0,0.0,1.0
2014-04-04,0,0.0,0.0,0.0,0.0,1.0
2014-04-08,0,0.0,0.0,0.0,0.0,1.0
2014-04-10,0,0.0,0.0,0.0,0.0,1.0
2014-04-14,0,0.0,0.0,0.0,0.0,1.0
2014-04-16,0,0.0,0.0,0.0,0.0,1.0
2014-04-21,0,0.0,0.0,0.0,0.0,1.0
2014-04-23,0,0.0,0.0,0.0,0.0,1.0
2014-04-25,0,0.0,0.0,0.0,0.0,1.0
2014-04-29,0,0.0,0.0,0.0,0.0,1.0
2014-05-01,0,0.0,0.0,0.0,0.0,1.0
2014-05-05,0,0.0,0.0,0.0,0.0,1.0
2014-05-07,0,0.0,0.0,0.0,0.0,1.0
2014-05-09,0,0.0,0.0,0.0,0.0,1.0
2014-05-13,0,0.0,0.0,0.0,0.0,1.0
2014-05-15,0,0.0,0.0,0.0,0.0,1.0
2014-05-19,0,0.0,0.0,0.0,0.0,1.0
2014-05-21,0,0.0,0.0,0.0,0.0,1.0
2014-05-23,0,0.0,0.0,0.0,0.0,1.0
2014-05-28,0,0.0,0.0,0.0,0.0,1.0
2014-05-30,0,0.0,0.0,0.0,0.0,1.0
2014-06-03,0,0.0,0.0,0.0,0.0,1.0
2014-06-05,0,0.0,0.0,0.0,0.0,1.0
2014-06-09,0,0.0,0.0,0.0,0.0,1.0
2014-06-11,0,0.0,0.0,0.0,0.0,1.0
2014-06-13,0,0.0,0.0,0.0,0.0,1.0
2014-06-17,0,0.0,0.0,0.0,0.0,1.0
2014-06-19,0,0.0,0.0,0.0,0.0,1.0
2014-06-23,0,0.0,0.0,0.0,0.0,1.0
2014-06-25,0,0.0,0.0,0.0,0.0,1.0
2014-06-27,0,0.0,0.0,0.0,0.0,1.0
2014-07-01,0,0.0,0.0,0.0,0.0,1.0
2014-07-03,0,0.0,0.0,0.0,0.0,1.0
2014-07-08,0,0.0,0.0,0.0,0.0,1.0
2014-07-10,0,0.0,0.0,0.0,0.0,1.0
2014-07-14,0,0.0,0.0,0.0,0.0,1.0
2014-07-16,0,0.0,0.0,0.0,0.0,1.0
2014-07-18,0,0.0,0.0,0.0,0.0,1.0
2014-07-22,0,0.0,0.0,0.0,0.0,1.0
2014-07-24,0,0.0,0.0,0.0,0.0,1.0
2014-07-28,0,0.0,0.0,0.0,0.0,1.0
2014-07-30,0,0.0,0.0,0.0,0.0,1.0
2014-08-01,0,0.0,0.0,0.0,0.0,1.0
2014-08-05,0,0.0,0.0,0.0,0.0,1.0
2014-08-07,0,0.0,0.0,0.0,0.0,1.0
2014-08-11,0,0.0,0.0,0.0,0.0,1.0
2014-08-13,0,0.0,0.0,0.0,0.0,1.0
2014-08-15,0,0.0,0.0,0.0,0.0,1.0
2014-08-19,0,0.0,0.0,0.0,0.0,1.0
2014-08-21,0,0.0,0.0,0.0,0.0,1.0
2014-08-25,0,0.0,0.0,0.0,0.0,1.0
2014-08-27,0,0.0,0.0,0.0,0.0,1.0
2014-08-29,0,0.0,0.0,0.0,0.0,1.0
2014-09-03,0,0.0,0.0,0.0,0.0,1.0
2014-09-05,0,0.0,0.0,0.0,0.0,1.0
2014-09-09,0,0.0,0.0,0.0,0.0,1.0
2014-09-11,0,0.0,0.0,0.0,0.0,1.0
2014-09-15,0,0.0,0.0,0.0,0.0,1.0
2014-09-17,0,0.0,0.0,0.0,0.0,1.0
2014-09-19,0,0.0,0.0,0.0,0.0,1.0
2014-09-23,0,0.0,0.0,0.0,0.0,1.0
2014-09-25,0,0.0,0.0,0.0,0.0,1.0
2014-09-29,0,0.0,0.0,0.0,0.0,1.0
2014-10-01,0,0.0,0.0,0.0,0.0,1.0
2014-10-03,0,0.0,0.0,0.0,0.0,1.0
2014-10-07,0,0.0,0.0,0.0,0.0,1.0
2014-10-09,0,0.0,0.0,0.0,0.0,1.0
2014-10-13,0,0.0,0.0,0.0,0.0,1.0
2014-10-15,0,0.0,0.0,0.0,0.0,1.0
2014-10-17,0,0.0,0.0,0.0,0.0,1.0
2014-10-21,0,0.0,0.0,0.0,0.0,1.0
2014-10-23,0,0.0,0.0,0.0,0.0,1.0
2014-10-27,0,0.0,0.0,0.0,0.0,1.0
2014-10-29,0,0.0,0.0,0.0,0.0,1.0
2014-10-31,0,0.0,0.0,0.0,0.0,1.0
2014-11-04,0,0.0,0.0,0.0,0.0,1.0
2014-11-06,0,0.0,0.0,0.0,0.0,1.0
2014-11-10,0,0.0,0.0,0.0,0.0,1.0
2014-11-12,0,0.0,0.0,0.0,0.0,0.9950248756218907
2014-11-14,0,0.0,0.0,0.0,0.0,0.9950248756218907
2014-11-18,0,0.0,0.0,0.0,0.0,0.9950248756218907
2014-11-20,0,0.0,0.0,0.0,0.0,0.9950248756218907
2014-11-24,0,0.0,0.0,0.0,0.0,0.9950248756218907
2014-11-26,0,0.0,0.0,0.0,0.0,0.9950248756218907
2014-12-01,0,0.0,0.0,0.0,0.0,0.9950248756218907
2014-12-03,0,0.0,0.0,0.0,0.0,0.9950248756218907
2014-12-05,0,0.0,0.0,0.0,0.0,0.9950248756218907
2014-12-09,0,0.0,0.0,0.0,0.0,0.9950248756218907
2014-12-11,-1,-0.002352154811300875,-0.0020782573153986282,0.0,0.0,0.9977896902282585
2014-12-15,-1,-0.002276727430717481,-0.002013896500306234,0.0,0.0,0.9978592805455485
2014-12-17,-1,-0.0022013000501340868,-0.0019495356852138397,0.0,0.0,0.9979288805705958
2014-12-19,-1,-0.0021258726695506935,-0.0018851748701214461,0.0,0.0,0.9979984903054321
2014-12-23,-1,-0.0020504452889673,-0.0018208140550290525,0.0,0.0,0.9980681097520888
2014-12-26,-1,-0.0019750179083839058,-0.0017564532399366585,0.0,0.0,0.9981377389125989
2014-12-30,-1,-0.0018995905278005117,-0.001692092424844264,0.0,0.0,0.9982073777889955
2015-01-02,-1,-0.0018241631472171176,-0.00162773160975187,0.0,0.0,0.9982770263833124
2015-01-06,-1,-0.001748735766633724,-0.001563370794659476,0.0,0.0,0.9983466846975838
2015-01-08,-1,-0.0016733083860503302,-0.0014990099795670821,0.0,0.0,0.9984163527338448
2015-01-12,-1,-0.0015978810054669361,-0.0014346491644746879,0.0,0.0,0.9984860304941308
2015-01-14,-1,-0.0015224536248835423,-0.0013702883493822938,0.0,0.0,0.9985557179804774
2015-01-16,-1,-0.0014470262443001484,-0.0013059275342899002,0.0,0.0,0.9986254151949215
2015-01-21,-1,-0.0013715988637167547,-0.0012415667191975057,0.0,0.0,0.9986951221395004
2015-01-23,-1,-0.0012961714831333606,-0.001177205904105112,0.0,0.0,0.9987648388162514
2015-01-27,-1,-0.0012207441025499665,-0.0011128450890127177,0.0,0.0,0.9988345652272133
2015-01-29,-1,-0.0011453167219665724,-0.0010484842739203234,0.0,0.0,0.9989043013744244
2015-02-02,-1,-0.001069889341383179,-0.00098412345882793,0.0,0.0,0.9989740472599248
2015-02-04,-1,-0.0009944619607997847,-0.0009197626437355355,0.0,0.0,0.9990438028857539
2015-02-06,-1,-0.0009190345802163913,-0.0008554018286431419,0.0,0.0,0.9991135682539524
2015-02-10,-1,-0.0008436071996329971,-0.0007910410135507477,0.0,0.0,0.9991833433665614
2015-02-12,-1,-0.000768179819049603,-0.0007266801984583536,0.0,0.0,0.9992531282256228
2015-02-17,-1,-0.0006927524384662095,-0.0006623193833659597,0.0,0.0,0.9993229228331788
2015-02-19,-1,-0.0006173250578828155,-0.0005979585682735656,0.0,0.0,0.9993927271912723
2015-02-23,-1,-0.0005418976772994215,-0.0005335977531811716,0.0,0.0,0.9994625413019466
2015-02-25,-1,-0.0004692369380887776,-0.00046647029671602764,0.0,0.0,0.9995323651672459
2015-02-27,-1,-0.0003370136047680374,-0.0003254990237743444,0.0,0.0,0.9974645675275959
2015-03-03,-1,-0.0003272649683427019,-0.00030333411113226696,0.0,0.0,0.9974800914748908
2015-03-05,-1,-0.0002654086005823965,-0.00023084180683399056,0.0,0.0,0.9975413060660394
2015-03-09,-1,-0.00020355223282209113,-0.0001583495025357141,0.0,0.0,0.9976025281710345
2015-03-11,-1,-0.0001416958650617858,-8.585719823743762e-05,0.0,0.0,0.9976637577912598
2015-03-13,-1,-7.98315449910841e-05,-1.336356274609705e-05,0.0,0.0,0.9958210192045769
2015-03-17,0,-1.7610876789621283e-05,5.790346648727664e-05,0.0,0.0,0.9958176611460731
2015-03-19,1,4.2965057381683395e-05,0.00012889517214504997,0.0,0.0,0.9957641172006412
2015-03-23,1,0.00010354099155298821,0.00019988687780282352,0.0,0.0,0.9956988937779606
2015-03-25,1,0.00016411692572429324,0.0002708785834605973,0.0,0.0,0.9956336788991034
2015-03-27,-1,-0.0001640238222469159,-9.783061856509281e-05,0.0,0.0,0.9979698410433535
2015-03-31,-1,-9.122052633437407e-05,-1.2509108875733744e-05,0.0,0.0,0.9980362157416734
2015-04-02,0,-1.8410186349436704e-05,7.278455211918419e-05,0.0,0.0,0.9980353608174105
2015-04-07,1,5.4365264351030715e-05,0.00015807342873194914,0.0,0.0,0.9979748166355424
2015-04-09,1,0.00012714071505149743,0.00024336230534471317,0.0,0.0,0.9978961104647138
2015-04-13,0,-8.973941745631434e-05,8.213369159690525e-07,0.0,0.0,0.9999420261748245
2015-04-15,0,-7.993725538256945e-06,9.662284916382827e-05,0.0,0.0,0.9999360267298267
2015-04-17,1,7.378099147725079e-05,0.00019250009004804006,0.0,0.0,0.999866877183281
2015-04-21,1,0.00015555885442465037,0.00028833930499544484,0.0,0.0,0.999778100170753
2015-04-23,1,0.00023733671737204896,0.0003841785199428488,0.0,0.0,0.9996893389216395
2015-04-27,1,0.00031911458031944886,0.0004800177348902541,0.0,0.0,0.999600593431743
2015-04-29,1,0.00040089244326684806,0.0005758569498376586,0.0,0.0,0.9995118636968666
2015-05-01,1,0.00048267030621424747,0.0006716961647850633,0.0,0.0,0.9994231497128154
2015-05-05,1,0.0005644481691616422,0.0007675353797324621,0.0,0.0,0.9993344514753957
2015-05-07,0,0.0,0.0,0.0,0.0,1.0
2015-05-11,0,0.0,0.0,0.0,0.0,1.0
2015-05-13,0,0.0,0.0,0.0,0.0,1.0
2015-05-15,0,0.0,0.0,0.0,0.0,1.0
2015-05-19,0,0.0,0.0,0.0,0.0,1.0
2015-05-21,0,0.0,0.0,0.0,0.0,1.0
2015-05-26,0,0.0,0.0,0.0,0.0,1.0
2015-05-28,0,0.0,0.0,0.0,0.0,1.0
2015-06-01,0,0.0,0.0,0.0,0.0,1.0
2015-06-03,0,0.0,0.0,0.0,0.0,1.0
2015-06-05,0,0.0,0.0,0.0,0.0,1.0
2015-06-09,0,0.0,0.0,0.0,0.0,0.9950248756218907
2015-06-11,-1,-0.0001849183970728903,-0.0001826822457461685,0.0,0.0,0.989937094736976
2015-06-15,-1,-0.00016018079087181948,-0.000158547913758608,0.0,0.0,0.9899585880690953
2015-06-17,-1,-0.00013767933599747036,-0.00013217743044432553,0.0,0.0,0.9899805206474934
2015-06-19,-1,-0.00011517788112312139,-0.00010580694713004323,0.0,0.0,0.9900024541977477
2015-06-23,-1,-9.267642624877218e-05,-7.943646381576068e-05,0.0,0.0,0.9900243887199226
2015-06-25,-1,-7.017497137442309e-05,-5.3065980501478276e-05,0.0,0.0,0.9900463242140829
2015-06-29,-1,-4.767351650007413e-05,-2.6695497187195983e-05,0.0,0.0,0.9900682606802931
2015-07-01,-1,-2.5172061625725013e-05,-3.2501387291355445e-07,0.0,0.0,0.9900880180570468
2015-07-06,0,-2.670606751375976e-06,2.6045469441368765e-05,0.0,0.0,0.9900876118499481
2015-07-08,-1,-0.0022972061578284786,-0.0020561886877863964,0.0,0.0,0.9931128360384429
2015-07-10,-1,-0.004507438539738257,-0.004013269497684059,0.0,0.0,0.9957577195976495
2015-07-14,-1,-0.004330375729277218,-0.0038621850146265705,0.0,0.0,0.9959204306877478
2015-07-16,-1,-0.004153312918816177,-0.0037111005315690797,0.0,0.0,0.9960831949619194
2015-07-20,-1,-0.003976250108355136,-0.0035600160485115906,0.0,0.0,0.996246012446244
2015-07-22,-1,-0.0037991872978940956,-0.003408931565454099,0.0,0.0,0.9964088831668186
2015-07-24,-1,-0.003622124487433054,-0.0032578470823966085,0.0,0.0,0.996571807149758
2015-07-28,-1,-0.003445061676972014,-0.003106762599339119,0.0,0.0,0.9967347844211927
2015-07-30,-1,-0.003267998866510974,-0.002955678116281629,0.0,0.0,0.9968978150072714
2015-08-03,-1,-0.0030908269664355996,-0.0028044946496048524,0.0,0.0,0.9921150064462186
2015-08-05,-1,-0.001961550992624148,-0.0017862800021676035,0.0,0.0,0.9931730126368403
2015-08-07,-1,-0.0018423564696151416,-0.0016845734786734316,0.0,0.0,0.9932819721717672
2015-08-11,-1,-0.0017231619466061342,-0.0015828669551792593,0.0,0.0,0.9933909556168947
2015-08-13,-1,-0.0016039674235971272,-0.0014811604316850874,0.0,0.0,0.9934999629800937
2015-08-17,-1,-0.001485707640300104,-0.0013803223442650967,0.0,0.0,0.9936081041694246
2015-08-19,-1,-0.0015838619908441856,-0.0014556901441571289,0.0,0.0,0.9935224560684007
2015-08-21,-1,-0.0014734750458400949,-0.0013614989671459164,0.0,0.0,0.9936234345196233
2015-08-25,-1,-0.0013630881008360048,-0.0012673077901347047,0.0,0.0,0.9937244334991873
2015-08-27,-1,-0.001252701155831914,-0.0011731166131234917,0.0,0.0,0.9938254530133532
2015-08-31,-1,-0.0027447925221559546,-0.002494802595763795,0.0,0.0,0.997387047846713
2015-09-02,-1,-0.002746059979201072,-0.0024897550523720873,0.0,0.0,0.9973889280291501
2015-09-04,-1,-0.0025905586488385586,-0.0023570561683704952,0.0,0.0,0.9975322972128325
2015-09-09,-1,-0.0024352899904528636,-0.0022245682397865627,0.0,0.0,0.99767548683578
2015-09-11,-1,-0.0013818967316409705,-0.0012280360646129036,0.0,0.0,0.9986967343197937
2015-09-15,-1,-0.0013301099704190486,-0.001183847361021997,0.0,0.0,0.9987445993461183
2015-09-17,-1,-0.0012783232091971258,-0.00113965865743109,0.0,0.0,0.998792468960764
2015-09-21,-1,-0.0012265364479752037,-0.0010954699538401834,0.0,0.0,0.9988403431643904
2015-09-23,-1,-0.001174749686753282,-0.0010512812502492773,0.0,0.0,0.9988882219576574
2015-09-25,-1,-0.0011229629255313594,-0.0010070925466583707,0.0,0.0,0.998936105341225
2015-09-29,-1,-0.0010711761643094377,-0.0009629038430674643,0.0,0.0,0.9989839933157535
2015-10-01,-1,-0.0010193894030875149,-0.0009187151394765571,0.0,0.0,0.9990318858819031
2015-10-05,-1,-0.000967602641865592,-0.0008745264358856501,0.0,0.0,0.9990797830403341
2015-10-07,-1,-0.0009158158806436703,-0.0008303377322947439,0.0,0.0,0.999127684791707
2015-10-09,-1,-0.0008640291194217484,-0.0007861490287038376,0.0,0.0,0.9991755911366829
2015-10-13,-1,-0.0008122423581998256,-0.0007419603251129305,0.0,0.0,0.9992235020759221
2015-10-15,-1,-0.0007604555969779033,-0.0006977716215220238,0.0,0.0,0.999271417610086
2015-10-19,-1,-0.0007086688357559813,-0.0006535829179311173,0.0,0.0,0.9993193377398353
2015-10-21,-1,-0.0006568820745340587,-0.0006093942143402106,0.0,0.0,0.9993672624658312
2015-10-23,-1,-0.0006050953133121369,-0.0005652055107493042,0.0,0.0,0.9994151917887352
2015-10-27,-1,-0.0005533085520902146,-0.0005210168071583974,0.0,0.0,0.9994631257092085
2015-10-29,-1,-0.0005015217908682916,-0.0004768281035674904,0.0,0.0,0.9995110642279127
2015-11-02,-1,-0.00044973502964637015,-0.00043263939997658426,0.0,0.0,0.9995590073455094
2015-11-04,-1,-0.0003979482684244469,-0.00038845069638567686,0.0,0.0,0.9996069550626608
2015-11-06,-1,-0.0003461615072025253,-0.00034426199279477077,0.0,0.0,0.9996549073800286
2015-11-10,-1,-0.0003000732892038641,-0.00029437474598060305,0.0,0.0,0.9997028642982748
2015-11-12,-1,-0.00019176828293563552,-0.0001818033750901823,0.0,0.0,0.9948594510305413
2015-11-16,-1,-0.00015879529979510962,-0.00014312199747767084,0.0,0.0,0.9948919308825054
2015-11-18,-1,-0.0001256488901094248,-0.00010427620513109903,0.0,0.0,0.9949245624525119
2015-11-20,-1,-9.250248042373995e-05,-6.543041278452717e-05,0.0,0.0,0.9949571961631617
2015-11-24,-1,-5.935607073805641e-05,-2.6584620437956994e-05,0.0,0.0,0.9949898320146652
2015-11-27,0,0.0,0.0,0.0,0.0,0.9950248756218907
2015-12-01,0,0.0,0.0,0.0,0.0,0.9950248756218907
2015-12-03,0,0.0,0.0,0.0,0.0,0.9950248756218907
2015-12-07,0,0.0,0.0,0.0,0.0,0.9950248756218907
2015-12-09,0,0.0,0.0,0.0,0.0,0.9950248756218907
2015-12-11,0,0.0,0.0,0.0,0.0,1.0
2015-12-15,0,0.0,0.0,0.0,0.0,1.0
2015-12-17,0,0.0,0.0,0.0,0.0,1.0
2015-12-21,0,0.0,0.0,0.0,0.0,1.0
2015-12-23,0,0.0,0.0,0.0,0.0,1.0
2015-12-28,0,0.0,0.0,0.0,0.0,1.0
2015-12-30,0,0.0,0.0,0.0,0.0,1.0
2016-01-04,0,0.0,0.0,0.0,0.0,1.0
2016-01-06,0,0.0,0.0,0.0,0.0,1.0
2016-01-08,0,0.0,0.0,0.0,0.0,1.0
2016-01-12,0,0.0,0.0,0.0,0.0,1.0
2016-01-14,0,0.0,0.0,0.0,0.0,1.0
2016-01-19,0,0.0,0.0,0.0,0.0,1.0
2016-01-21,0,0.0,0.0,0.0,0.0,1.0
2016-01-25,0,0.0,0.0,0.0,0.0,1.0
2016-01-27,0,0.0,0.0,0.0,0.0,1.0
2016-01-29,0,0.0,0.0,0.0,0.0,1.0
2016-02-02,0,0.0,0.0,0.0,0.0,1.0
2016-02-04,0,0.0,0.0,0.0,0.0,1.0
2016-02-08,0,0.0,0.0,0.0,0.0,1.0
2016-02-10,0,0.0,0.0,0.0,0.0,1.0
2016-02-12,0,0.0,0.0,0.0,0.0,1.0
2016-02-17,0,0.0,0.0,0.0,0.0,1.0
2016-02-19,0,0.0,0.0,0.0,0.0,1.0
2016-02-23,0,0.0,0.0,0.0,0.0,1.0
2016-02-25,0,0.0,0.0,0.0,0.0,1.0
2016-02-29,0,0.0,0.0,0.0,0.0,1.0
2016-03-02,0,0.0,0.0,0.0,0.0,1.0
2016-03-04,0,0.0,0.0,0.0,0.0,1.0
2016-03-08,0,0.0,0.0,0.0,0.0,1.0
2016-03-10,0,0.0,0.0,0.0,0.0,1.0
2016-03-14,0,0.0,0.0,0.0,0.0,1.0
2016-03-16,0,0.0,0.0,0.0,0.0,1.0
2016-03-18,0,0.0,0.0,0.0,0.0,1.0
2016-03-22,0,0.0,0.0,0.0,0.0,1.0
2016-03-24,0,0.0,0.0,0.0,0.0,1.0
2016-03-29,0,0.0,0.0,0.0,0.0,1.0
2016-03-31,0,0.0,0.0,0.0,0.0,1.0
2016-04-04,0,0.0,0.0,0.0,0.0,1.0
2016-04-06,0,0.0,0.0,0.0,0.0,1.0
2016-04-08,0,0.0,0.0,0.0,0.0,1.0
2016-04-12,0,0.0,0.0,0.0,0.0,1.0
2016-04-14,0,0.0,0.0,0.0,0.0,1.0
2016-04-18,0,0.0,0.0,0.0,0.0,1.0
2016-04-20,0,0.0,0.0,0.0,0.0,1.0
2016-04-22,0,0.0,0.0,0.0,0.0,1.0
2016-04-26,0,0.0,0.0,0.0,0.0,1.0
2016-04-28,0,0.0,0.0,0.0,0.0,1.0
2016-05-02,0,0.0,0.0,0.0,0.0,1.0
2016-05-04,0,0.0,0.0,0.0,0.0,1.0
2016-05-06,0,0.0,0.0,0.0,0.0,1.0
2016-05-10,0,0.0,0.0,0.0,0.0,1.0
2016-05-12,0,0.0,0.0,0.0,0.0,1.0
2016-05-16,0,0.0,0.0,0.0,0.0,1.0
2016-05-18,0,0.0,0.0,0.0,0.0,1.0
2016-05-20,0,0.0,0.0,0.0,0.0,1.0
2016-05-24,0,0.0,0.0,0.0,0.0,1.0
2016-05-26,0,0.0,0.0,0.0,0.0,1.0
2016-05-31,0,0.0,0.0,0.0,0.0,1.0
2016-06-02,0,0.0,0.0,0.0,0.0,1.0
2016-06-06,0,0.0,0.0,0.0,0.0,1.0
2016-06-08,0,0.0,0.0,0.0,0.0,1.0
2016-06-10,0,0.0,0.0,0.0,0.0,1.0
2016-06-14,0,0.0,0.0,0.0,0.0,1.0
2016-06-16,0,0.0,0.0,0.0,0.0,1.0
2016-06-20,0,0.0,0.0,0.0,0.0,1.0
2016-06-22,0,0.0,0.0,0.0,0.0,1.0
2016-06-24,0,0.0,0.0,0.0,0.0,0.9950248756218907
2016-06-28,0,0.0,0.0,0.0,0.0,0.9950248756218907
2016-06-30,0,0.0,0.0,0.0,0.0,0.9950248756218907
2016-07-05,0,0.0,0.0,0.0,0.0,0.9950248756218907
2016-07-07,0,0.0,0.0,0.0,0.0,0.9950248756218907
2016-07-11,0,0.0,0.0,0.0,0.0,0.9950248756218907
2016-07-13,0,0.0,0.0,0.0,0.0,0.9950248756218907
2016-07-15,0,0.0,0.0,0.0,0.0,0.9950248756218907
2016-07-19,0,0.0,0.0,0.0,0.0,0.9950248756218907
2016-07-21,0,0.0,0.0,0.0,0.0,0.9950248756218907
2016-07-25,0,0.0,0.0,0.0,0.0,1.0
2016-07-27,0,0.0,0.0,0.0,0.0,1.0
2016-07-29,0,0.0,0.0,0.0,0.0,1.0
2016-08-02,0,0.0,0.0,0.0,0.0,1.0
2016-08-04,0,0.0,0.0,0.0,0.0,1.0
2016-08-08,0,0.0,0.0,0.0,0.0,1.0
2016-08-10,0,0.0,0.0,0.0,0.0,1.0
2016-08-12,0,0.0,0.0,0.0,0.0,1.0
2016-08-16,0,0.0,0.0,0.0,0.0,1.0
2016-08-18,0,0.0,0.0,0.0,0.0,1.0
2016-08-22,0,0.0,0.0,0.0,0.0,1.0
2016-08-24,0,0.0,0.0,0.0,0.0,1.0
2016-08-26,0,0.0,0.0,0.0,0.0,1.0
2016-08-30,0,0.0,0.0,0.0,0.0,1.0
2016-09-01,0,0.0,0.0,0.0,0.0,1.0
2016-09-06,0,0.0,0.0,0.0,0.0,1.0
2016-09-08,0,0.0,0.0,0.0,0.0,1.0
2016-09-12,0,0.0,0.0,0.0,0.0,1.0
2016-09-14,0,0.0,0.0,0.0,0.0,1.0
2016-09-16,0,0.0,0.0,0.0,0.0,1.0
2016-09-20,0,0.0,0.0,0.0,0.0,1.0
2016-09-22,0,0.0,0.0,0.0,0.0,1.0
2016-09-26,0,0.0,0.0,0.0,0.0,1.0
2016-09-28,0,0.0,0.0,0.0,0.0,1.0
2016-09-30,0,0.0,0.0,0.0,0.0,1.0
2016-10-04,0,0.0,0.0,0.0,0.0,1.0
2016-10-06,0,0.0,0.0,0.0,0.0,1.0
2016-10-10,0,0.0,0.0,0.0,0.0,1.0
2016-10-12,0,0.0,0.0,0.0,0.0,1.0
2016-10-14,-1,-0.00021818924654414822,-0.00016973608282207207,0.0,0.0,0.9899326609483491
2016-10-18,-1,-0.00010136424128770988,-6.14192217580345e-05,0.0,0.0,0.9900311211571838
2016-10-20,-1,-5.703541945387396e-05,-9.547559260026061e-06,0.0,0.0,0.9900729805765536
2016-10-24,0,-1.2846715862967217e-05,4.22392019618963e-05,0.0,0.0,0.9900796249803353
2016-10-26,1,3.1341987727939393e-05,9.402596318381853e-05,0.0,0.0,0.9900498532588501
2016-10-28,1,7.55306913188463e-05,0.0001458127244057412,0.0,0.0,0.990008266004291
2016-11-01,1,0.00011979113233582362,0.00019771788982192524,0.0,0.0,0.9851127412661543
2016-11-03,1,0.00012293638106136573,0.0001870477600229196,0.0,0.0,0.9802846655379548
2016-11-07,1,0.00012481510143869391,0.00018064160128948619,0.0,0.0,0.9802848973295168
2016-11-09,1,0.0001513191969639895,0.00021170296210872393,0.0,0.0,0.980263600357041
2016-11-11,1,0.00019107534025193968,0.00025829500333758836,0.0,0.0,0.9899074043173668
2016-11-15,1,0.00021757943577723474,0.0002893563641568257,0.0,0.0,0.9898824673119928
2016-11-17,1,0.0002440835313025301,0.0003204177249760631,0.0,0.0,0.9898575315629756
2016-11-21,-1,-0.0013999745628084862,-0.0012825776599947225,0.0,0.0,0.9889285407029731
2016-11-23,-1,-0.0013067529036502907,-0.0012030333099022083,0.0,0.0,0.9890032414714558
2016-11-28,-1,-0.0012135312444920949,-0.0011234889598096937,0.0,0.0,0.9890779535261458
2016-11-30,-1,-0.0020893289361781147,-0.001900126160769525,0.0,0.0,0.9932692751271883
2016-12-02,-1,-0.0028549207389640804,-0.002578770832174351,0.0,0.0,0.994255121567709
2016-12-06,-1,-0.0027013972208500088,-0.002447648247762102,0.0,0.0,0.994395833970462
2016-12-08,-1,-0.0025550316388511345,-0.002323018955760892,0.0,0.0,0.994529835017764
2016-12-12,-1,-0.0024037063179738437,-0.002193895805514246,0.0,0.0,0.9946685486944274
2016-12-14,-1,-0.0034980396130454396,-0.0031264856197348173,0.0,0.0,0.9936668745206279
2016-12-16,-1,-0.003347969462141032,-0.002998433483248817,0.0,0.0,0.9938041988340451
2016-12-20,-1,-0.0031978993112366256,-0.002870381346762818,0.0,0.0,0.9939415611090247
2016-12-22,-1,-0.003047829160332218,-0.002742329210276818,0.0,0.0,0.9940789613613098
2016-12-27,-1,-0.0028977590094278116,-0.002614277073790819,0.0,0.0,0.9942163996066528
2016-12-29,-1,-0.002747688858523404,-0.0024862249373048184,0.0,0.0,0.9943538758608136
2017-01-03,-1,-0.003029591452156803,-0.0027400574162438386,0.0,0.0,0.9971234738387552
2017-01-05,-1,-0.0028677257340017693,-0.0026020637662793884,0.0,0.0,0.9972725644988927
2017-01-09,-1,-0.0027027852784199695,-0.002461285114647206,0.0,0.0,0.9974246145393705
2017-01-11,-1,-0.002538546640490358,-0.002321143265294139,0.0,0.0,0.9975760448822166
2017-01-13,-1,-0.0023743080025607453,-0.002181001415941072,0.0,0.0,0.9977275212127605
2017-01-18,-1,-0.002209840947854433,-0.0020406486381115705,0.0,0.0,0.9978792622937845
2017-01-20,-1,-0.0020456192844419494,-0.0019005212728059372,0.0,0.0,0.9980308150616509
2017-01-24,-1,-0.0018813976210294658,-0.001760393907500305,0.0,0.0,0.9981824138706192
2017-01-26,-1,-0.0017171759576169816,-0.001620266542194672,0.0,0.0,0.998334058741673
2017-01-30,-1,-0.001552954294204498,-0.0014801391768890391,0.0,0.0,0.9984857496958089
2017-02-01,-1,-0.0013887326307920145,-0.0013400118115834063,0.0,0.0,0.998637486754036
2017-02-03,-1,-0.00122451096737953,-0.001199884446277773,0.0,0.0,0.9987892699373768
2017-02-07,-1,-0.0010602893039670467,-0.0010597570809721404,0.0,0.0,0.998941099266866
2017-02-09,-1,-0.0009196297156665073,-0.0008960676405545628,0.0,0.0,0.9990929747635515
2017-02-13,-1,-0.0007795023503608744,-0.000731845977142079,0.0,0.0,0.9992448964484932
2017-02-15,-1,-0.0006393749850552416,-0.0005676243137295952,0.0,0.0,0.9993968643427652
2017-02-17,-1,-0.0004992476197496085,-0.0004034026503171113,0.0,0.0,0.9995488784674533
2017-02-22,-1,-0.00035912025444397586,-0.0002391809869046276,0.0,0.0,0.9997009388436563
2017-02-24,-1,-0.00021899288913834319,-7.495932349214419e-05,0.0,0.0,0.999853045492486
2017-02-28,0,-7.886552383270997e-05,8.926233992034003e-05,0.0,0.0,0.9999115194801514
2017-03-02,1,6.126184147292341e-05,0.00025348400333282447,0.0,0.0,0.999837706964188
2017-03-06,1,0.00020138920677855625,0.00041770566674530826,0.0,0.0,0.999690548353202
2017-03-08,1,0.0003415165720841894,0.0005819273301577922,0.0,0.0,0.9995384911376515
2017-03-10,1,0.0004816439373898217,0.0007461489935702755,0.0,0.0,0.9993864801721738
2017-03-14,1,0.0006217713026954553,0.0009103706569827599,0.0,0.0,0.9992345154356711
2017-03-16,1,0.0007618986680010889,0.0010745923203952447,0.0,0.0,0.9990825969070581
2017-03-20,1,0.0009020260333067204,0.0012388139838077272,0.0,0.0,0.9989307245652629
2017-03-22,1,0.0010421533986123537,0.0014030356472202112,0.0,0.0,0.998778898389225
2017-03-24,1,0.0011822807639179863,0.0015672573106326943,0.0,0.0,0.998627118357898
2017-03-28,1,0.00132240812922362,0.0017314789740451788,0.0,0.0,0.9984753844502481
2017-03-30,1,0.0014625354945292529,0.0018957006374576632,0.0,0.0,0.9983236966452537
2017-04-03,1,0.0016026628598348855,0.0020599223008701466,0.0,0.0,0.9981720549219063
2017-04-05,1,0.0017419734643565107,0.0022231016164763317,0.0,0.0,0.998021385137826
2017-04-07,0,0.0,0.0,0.0,0.0,1.0
2017-04-11,0,0.0,0.0,0.0,0.0,1.0
2017-04-13,-1,-3.881503150315047e-05,-3.3120162016201746e-05,0.0,0.0,0.9999640336968619
2017-04-18,-1,-3.881503150315042e-05,-3.3120162016201705e-05,0.0,0.0,0.9999640336968619
2017-04-20,-1,-3.881503150315051e-05,-3.3120162016201787e-05,0.0,0.0,0.9999640336968619
2017-04-24,-1,-3.881503150315192e-05,-3.31201620162029e-05,0.0,0.0,0.9999640336968619
2017-04-26,1,0.0004299129912991314,0.00053822382238224,0.0,0.0,0.9995161658020086
2017-04-28,0,0.0,0.0,0.0,0.0,1.0
2017-05-02,0,0.0,0.0,0.0,0.0,1.0
2017-05-04,0,0.0,0.0,0.0,0.0,1.0
2017-05-08,0,0.0,0.0,0.0,0.0,1.0
2017-05-10,0,0.0,0.0,0.0,0.0,1.0
2017-05-12,0,0.0,0.0,0.0,0.0,1.0
2017-05-16,0,0.0,0.0,0.0,0.0,1.0
2017-05-18,0,0.0,0.0,0.0,0.0,1.0
2017-05-22,0,0.0,0.0,0.0,0.0,0.9950248756218907
2017-05-24,0,0.0,0.0,0.0,0.0,0.9950248756218907
2017-05-26,0,0.0,0.0,0.0,0.0,0.9950248756218907
2017-05-31,0,0.0,0.0,0.0,0.0,0.9950248756218907
2017-06-02,0,0.0,0.0,0.0,0.0,0.9950248756218907
2017-06-06,0,0.0,0.0,0.0,0.0,0.9950248756218907
2017-06-08,0,0.0,0.0,0.0,0.0,0.9950248756218907
2017-06-12,0,0.0,0.0,0.0,0.0,0.9950248756218907
2017-06-14,0,0.0,0.0,0.0,0.0,0.9950248756218907
2017-06-16,0,0.0,0.0,0.0,0.0,0.9937506425025958
2017-06-20,0,0.0,0.0,0.0,0.0,0.998713000934367
2017-06-22,0,0.0,0.0,0.0,0.0,0.998713000934367
2017-06-26,0,0.0,0.0,0.0,0.0,0.998713000934367
2017-06-28,0,0.0,0.0,0.0,0.0,0.998713000934367
2017-06-30,0,0.0,0.0,0.0,0.0,0.998713000934367
2017-07-05,0,0.0,0.0,0.0,0.0,0.998713000934367
2017-07-07,0,0.0,0.0,0.0,0.0,0.998713000934367
2017-07-11,0,0.0,0.0,0.0,0.0,0.998713000934367
2017-07-13,0,0.0,0.0,0.0,0.0,0.998713000934367
2017-07-17,0,0.0,0.0,0.0,0.0,1.0
2017-07-19,0,0.0,0.0,0.0,0.0,1.0
2017-07-21,0,0.0,0.0,0.0,0.0,1.0
2017-07-25,0,0.0,0.0,0.0,0.0,1.0
2017-07-27,0,0.0,0.0,0.0,0.0,1.0
2017-07-31,0,0.0,0.0,0.0,0.0,1.0
2017-08-02,0,0.0,0.0,0.0,0.0,1.0
2017-08-04,0,0.0,0.0,0.0,0.0,1.0
2017-08-08,0,0.0,0.0,0.0,0.0,1.0
2017-08-10,0,0.0,0.0,0.0,0.0,1.0
2017-08-14,0,0.0,0.0,0.0,0.0,1.0
2017-08-16,0,0.0,0.0,0.0,0.0,1.0
2017-08-18,0,0.0,0.0,0.0,0.0,1.0
2017-08-22,0,0.0,0.0,0.0,0.0,1.0
2017-08-24,0,0.0,0.0,0.0,0.0,1.0
2017-08-28,0,0.0,0.0,0.0,0.0,1.0
2017-08-30,0,0.0,0.0,0.0,0.0,1.0
2017-09-01,0,0.0,0.0,0.0,0.0,1.0
2017-09-06,0,0.0,0.0,0.0,0.0,1.0
2017-09-08,0,0.0,0.0,0.0,0.0,1.0
2017-09-12,0,0.0,0.0,0.0,0.0,1.0
2017-09-14,0,0.0,0.0,0.0,0.0,1.0
2017-09-18,0,0.0,0.0,0.0,0.0,1.0
2017-09-20,0,0.0,0.0,0.0,0.0,1.0
2017-09-22,0,0.0,0.0,0.0,0.0,1.0
2017-09-26,0,0.0,0.0,0.0,0.0,1.0
2017-09-28,0,0.0,0.0,0.0,0.0,1.0
2017-10-02,0,0.0,0.0,0.0,0.0,1.0
2017-10-04,0,0.0,0.0,0.0,0.0,1.0
2017-10-06,0,0.0,0.0,0.0,0.0,1.0
2017-10-10,0,0.0,0.0,0.0,0.0,1.0
2017-10-12,0,0.0,0.0,0.0,0.0,1.0
2017-10-16,0,0.0,0.0,0.0,0.0,1.0
2017-10-18,0,0.0,0.0,0.0,0.0,1.0
2017-10-20,0,0.0,0.0,0.0,0.0,0.9950248756218907
2017-10-24,0,0.0,0.0,0.0,0.0,0.9900990099009901
2017-10-26,1,1.6574931146406735e-05,1.942491930732719e-05,0.0,0.0,0.9900854232406321
2017-10-30,1,0.0006417068810485517,0.0008130100334334879,0.0,0.0,0.9862056139739209
2017-11-01,1,2.651734890152347e-05,3.1076893056536496e-05,0.0,0.0,0.981877643907663
2017-11-03,1,2.214332690830296e-05,2.5950776783938754e-05,0.0,0.0,0.9818806549146482
2017-11-07,1,2.2077047926009467e-05,2.5873101415549442e-05,0.0,0.0,0.9818807005401846
2017-11-09,1,1.20658084745754e-05,1.4140472375180862e-05,0.0,0.0,0.9770906263755068
2017-11-13,1,1.1038523963004493e-05,1.2936550707774377e-05,0.0,0.0,0.9761995122471964
2017-11-15,1,1.3292698191443639e-05,1.5578320504904374e-05,0.0,0.0,0.9731534018091801
2017-11-17,1,2.472950604455057e-05,2.8981638305604057e-05,0.0,0.0,0.9779009936980988
2017-11-21,-1,-0.0008747922890486781,-0.000773804147848661,0.0,0.0,0.9822813229069195
2017-11-24,1,3.7094259066829086e-05,4.347245745840988e-05,0.0,0.0,0.9826915132942414
2017-11-28,-1,-0.0008603014698958728,-0.0007614393948263829,0.0,0.0,0.9855315112629822
2017-11-30,-1,-0.0008458106507430675,-0.0007490746418041048,0.0,0.0,0.9904205824094205
2017-12-04,1,6.182376511138472e-05,7.245409576401988e-05,0.0,0.0,0.9859996057127979
2017-12-06,1,5.3966147724934056e-05,6.324539484505755e-05,0.0,0.0,0.9857306702533282
2017-12-08,1,6.29837199977439e-05,7.381349990685858e-05,0.0,0.0,0.9906056590937933
2017-12-12,-1,-0.0008469172883136608,-0.0007505322471225311,0.0,0.0,0.990904988601747
2017-12-14,1,0.0005508066179721023,0.0006265334139718172,0.0,0.0,0.99291818808375
2017-12-18,1,0.0004254448419314612,0.0004835361955037517,0.0,0.0,0.9930061289881769
2017-12-20,1,0.0003174615770018986,0.0003604931533113164,0.0,0.0,0.991130488356951
2017-12-22,1,0.00017356175205389418,0.00019690543268422974,0.0,0.0,0.9900404492419711
2017-12-27,1,0.0001685489946505373,0.00019103075319341786,0.0,0.00021007193253653038,0.9856551528644822
2017-12-29,1,0.00015055731484764096,0.00017046131169132938,0.0,0.00021007193253653038,0.9856635300689808
2018-01-03,-1,-0.00011604298519786107,-0.00010242115966422707,0.0,0.0,0.9905564833872451
2018-01-05,-1,-0.00010793042371159128,-9.549885816435967e-05,0.0,0.0,0.9908460693344263
2018-01-09,-1,-0.00010432486239184385,-9.242229811932422e-05,0.0,0.0,0.9908478624988947
2018-01-11,-1,-0.0003818151589479974,-0.00033770928972153523,0.0,0.0,0.9907271230203866
2018-01-16,-1,-0.0005953808772574179,-0.0005400171571245686,0.0,0.0,0.9885660238400851
2018-01-18,-1,-0.0005345282305665033,-0.0004865476689461261,0.0,0.0,0.9886031914714778
2018-01-22,-1,-0.00048364582608003277,-0.00045311379074077613,0.0,0.0,0.9869941142909882
2018-01-24,-1,-0.0002145138493447057,-0.00021210202618366614,0.0,0.0,0.9883340869828106
2018-01-26,-1,-0.0010410536805399257,-0.0009479989240384938,0.0,0.0,0.9920816866909015
2018-01-30,-1,-0.000977333662197101,-0.0008935975675767154,0.0,0.0,0.9921330883485744
2018-02-01,-1,-0.0009141407596418903,-0.0008396762105701459,0.0,0.0,0.9921840538258913
2018-02-05,-1,-0.0008509478570866801,-0.0007857548535635765,0.0,0.0,0.992235024539629
2018-02-07,-1,-0.0007877549545314702,-0.0007318334965570074,0.0,0.0,0.9922860004905948
2018-02-09,-1,-0.0007249291046874937,-0.0006782555600871908,0.0,0.0,0.9923366691750289
2018-02-13,-1,-4.046906850723852e-05,-9.212709099458845e-07,0.0,0.0,0.9963452664583194
2018-02-15,0,-4.6080514026718535e-06,4.117653638263736e-05,0.0,0.0,0.9963481700001827
2018-02-20,-1,-0.000604194828617247,-0.0005764425057739063,0.0,0.0,0.9994100296033426
2018-02-22,-1,-0.0005391453382396505,-0.0005208753847624249,0.0,0.0,0.9994702704006753
2018-02-26,-1,-0.00045909140871651166,-0.0004505657519374452,0.0,0.0,0.9969694674420041
2018-02-28,-1,-0.00039718222901075534,-0.00039656489761356927,0.0,0.0,0.9970270750506852
2018-03-02,-1,-0.0003440344809411751,-0.00033427862272659514,0.0,0.0,0.9970844526974167
2018-03-06,-1,-0.00029103902959037625,-0.0002721347522102182,0.0,0.0,0.9971416904391275
2018-03-08,-1,-0.00023749004345667302,-0.00020948648544170267,0.0,0.0,0.9971994607593043
2018-03-12,-1,-0.00018497781523868083,-0.00014772853062706748,0.0,0.0,0.9923083508475494
2018-03-14,-1,-0.00011726686108979372,-7.595158298246359e-05,0.0,0.0,0.9923770307857662
2018-03-16,-1,-6.993326358750167e-05,-2.0407018631248924e-05,0.0,0.0,0.9924276912048003
2018-03-20,0,-2.2462028924305797e-05,3.5226690770415035e-05,0.0,0.0,0.9924539693811343
2018-03-22,1,2.885997371843084e-05,0.0001048552218595649,0.0,0.0,0.9906586210786997
2018-03-26,-1,-0.0003449724207624567,-0.00031588818113412187,0.0,0.0,0.9881140213992974
2018-03-28,-1,-0.00025018260030035646,-0.0002132968204690936,0.0,0.0,0.9881835218253571
2018-04-02,-1,-0.00018855688220126583,-0.00014107482504979735,0.0,0.0,0.9882320477657411
2018-04-04,-1,-0.0001268597182033333,-6.881405843140839e-05,0.0,0.0,0.9882806075831057
2018-04-06,0,-6.530544600308487e-05,3.369165788794776e-06,0.0,0.0,0.9883212900049935
2018-04-10,-1,-0.000785150648345307,-0.0007641525042838364,0.0,0.0,0.9927114333708346
2018-04-12,-1,-0.0006857548382458278,-0.0006793928958714829,0.0,0.0,0.9927710836103727
2018-04-16,-1,-0.0012390093836792137,-0.0011326933527002487,0.0,0.0,0.9924504112572504
2018-04-18,-1,-0.0008200282289737289,-0.0007223772322955838,0.0,0.0,0.9927340894205181
2018-04-20,-1,-0.0008031328701689624,-0.0007079607292227907,0.0,0.0,0.9943614980780222
2018-04-24,1,0.0025880961870958386,0.0026471031985692687,0.0,0.0,0.997389234246801
2018-04-26,1,0.0030842744890748454,0.0032214639422627747,0.0,0.0,0.9968570401257647
2018-04-30,1,0.0027815365004045193,0.0028666049844732165,0.0,0.0,0.997183882173522
2018-05-02,1,0.002477796988937458,0.0025107149301987217,0.0,0.0,0.9975119498742858
2018-05-04,1,0.0030735362260302687,0.003200150001461735,0.0,0.0,0.996872965901632
2018-05-08,1,0.0028252478724594067,0.002904815536115523,0.0,0.0,0.9971431532522191
2018-05-10,1,0.002936370579497923,0.003029361405923942,0.0,0.0,0.9970260050357305
2018-05-14,1,0.0026187835805690715,0.002657151677108786,0.0,0.0,0.9973689729353882
2018-05-16,1,0.002285402276983327,0.002301664360156073,0.0,0.0,0.9977117149394591
2018-05-18,1,0.001912989151280532,0.001983890998069904,0.0,0.0,0.9980553489613397
2018-05-22,1,0.0015405760255777353,0.0016661176359837342,0.0,0.0,0.9983992197751196
2018-05-24,1,0.0011672727794990153,0.0013473168583615276,0.0,0.0,0.9974335207100794
2018-05-29,1,0.002059029868607724,0.002160027910763657,0.0,0.0,0.9965863756209976
2018-05-31,1,0.0016363563127336504,0.0017993732909780626,0.0,0.0,0.996975522179111
2018-06-04,1,0.0010445850606538767,0.0012395031879226396,0.0,0.0,0.9925973751753151
2018-06-06,1,0.0007034325628989028,0.0009460417132013664,0.0,0.0,0.9929101002357509
2018-06-08,1,0.0004248322287889174,0.0007055672244475117,0.0,0.0,0.9931660364588804
2018-06-12,1,6.19361103960988e-05,0.0003960794569013435,0.0,0.0,0.9934943259639821
2018-06-14,0,-0.0001584461045530197,0.0002016383067211941,0.0,0.0,0.9935995659664033
2018-06-18,1,0.00021864706054601523,0.0004165088937168759,0.0,0.0,0.9934103453798175
2018-06-20,1,0.0007453787095788107,0.0007745247798532951,0.0,0.0,0.9929739743505124
2018-06-22,1,0.0006587452378204971,0.0007024505540467725,0.0,0.0,0.9943514890236339
2018-06-26,1,0.000510069839516391,0.0005755885346444272,0.0,0.0,0.9944877244149197
2018-06-28,1,0.0003620037833065223,0.0004494831067204153,0.0,0.0,0.9946233214995464
2018-07-02,1,0.0010808020807205336,0.0010895171344138107,0.0,0.0,0.998916016687339
2018-07-05,1,0.0009020759836830604,0.0009367318113767779,0.0,0.0,0.9990814406295353
2018-07-09,1,0.0010207311173894788,0.0010312915439737234,0.0,0.0,0.9989750402895947
2018-07-11,1,0.0008523995268778293,0.0008879359977571242,0.0,0.0,0.9991305887713059
2018-07-13,-1,-0.00012906636484761767,-0.00012830538395324848,0.0,0.0,0.999871330683523
2018-07-17,-1,-0.00011136354614702884,-0.00010755864167518283,0.0,0.0,0.9998905508865085
2018-07-19,-1,-9.366072744644e-05,-8.681189939711717e-05,0.0,0.0,0.9999097718284357
2018-07-23,-1,-7.595790874585147e-05,-6.606515711905187e-05,0.0,0.0,0.9999289935093472
2018-07-25,-1,-5.825509004526282e-05,-4.531841484098645e-05,0.0,0.0,0.9999482159292856
2018-07-27,-1,-4.055227134467415e-05,-2.4571672562921004e-05,0.0,0.0,0.9999674390882936
2018-07-31,-1,-2.2849452644085446e-05,-3.824930284855493e-06,0.0,0.0,0.9999855575922435
2018-08-02,0,-5.146633943496826e-06,1.6921811993209876e-05,0.0,0.0,0.9999876642513587
2018-08-06,1,1.2556184757091767e-05,3.7668554271275245e-05,0.0,0.0,0.9999748882611011
2018-08-08,1,3.0259003457680685e-05,5.8415296549340994e-05,0.0,0.0,0.9999556648156923
2018-08-10,1,4.796182215826944e-05,7.916203882740658e-05,0.0,0.0,0.9999364421093695
2018-08-14,1,6.566464085885727e-05,9.990878110547097e-05,0.0,0.0,0.99991722014209
2018-08-16,1,0.00010637772903331172,0.0001511464671150823,0.0,0.0,0.9998712544794692
2018-08-20,1,0.00012679855693025892,0.00017507856858707015,0.0,0.0,0.9998490842162527
2018-08-22,1,0.00014721938482720661,0.00019901067005905862,0.0,0.0,0.9998269149361825
2018-08-24,1,0.00016764021272415458,0.0002229427715310474,0.0,0.0,0.9998047466391927
2018-08-28,1,0.0001880610406211019,0.00024687487300303543,0.0,0.0,0.9997825793252179
2018-08-30,1,0.0006163876850931455,0.0007796255258455275,0.0,0.0,0.999302480267911
2018-09-04,1,0.0007801020085215283,0.0009830017234196142,0.0,0.0,0.9991192245832415
2018-09-06,1,0.00038966239965198456,0.0004949116253522806,0.0,0.0,0.9995579085188184
2018-09-10,1,0.00041822007706163406,0.0005282937634533034,0.0,0.0,0.9995269669459089
2018-09-12,1,0.00029683417379244023,0.0003723733089679627,0.0,0.0,0.9996655081808339
2018-09-14,0,0.0,0.0,0.0,0.0,1.0
2018-09-18,0,0.0,0.0,0.0,0.0,1.0
2018-09-20,0,0.0,0.0,0.0,0.0,1.0
2018-09-24,0,0.0,0.0,0.0,0.0,1.0
2018-09-26,0,0.0,0.0,0.0,0.0,1.0
2018-09-28,0,0.0,0.0,0.0,0.0,1.0
2018-10-02,0,0.0,0.0,0.0,0.0,1.0
2018-10-04,0,0.0,0.0,0.0,0.0,0.9950248756218907
2018-10-08,0,0.0,0.0,0.0,0.0,0.9950248756218907
2018-10-10,0,0.0,0.0,0.0,0.0,0.9950248756218907
2018-10-12,0,0.0,0.0,0.0,0.0,0.9950248756218907
2018-10-16,0,0.0,0.0,0.0,0.0,0.9950248756218907
2018-10-18,0,0.0,0.0,0.0,0.0,0.9950248756218907
2018-10-22,0,0.0,0.0,0.0,0.0,0.9950248756218907
2018-10-24,0,0.0,0.0,0.0,0.0,0.9950248756218907
2018-10-26,0,0.0,0.0,0.0,0.0,0.9950248756218907
2018-10-30,0,0.0,0.0,0.0,0.0,0.9950248756218907
2018-11-01,0,0.0,0.0,0.0,0.0,1.0
2018-11-05,0,0.0,0.0,0.0,0.0,1.0
2018-11-07,0,0.0,0.0,0.0,0.0,1.0
2018-11-09,0,0.0,0.0,0.0,0.0,1.0
2018-11-13,0,0.0,0.0,0.0,0.0,1.0
2018-11-15,0,0.0,0.0,0.0,0.0,1.0
2018-11-19,0,0.0,0.0,0.0,0.0,1.0
2018-11-21,0,0.0,0.0,0.0,0.0,1.0
2018-11-26,0,0.0,0.0,0.0,0.0,1.0
2018-11-28,0,0.0,0.0,0.0,0.0,1.0
2018-11-30,0,0.0,0.0,0.0,0.0,1.0
2018-12-04,0,0.0,0.0,0.0,0.0,1.0
2018-12-07,0,0.0,0.0,0.0,0.0,1.0
2018-12-11,0,0.0,0.0,0.0,0.0,1.0
2018-12-13,0,0.0,0.0,0.0,0.0,1.0
2018-12-17,0,0.0,0.0,0.0,0.0,1.0
2018-12-19,0,0.0,0.0,0.0,0.0,1.0
2018-12-21,0,0.0,0.0,0.0,0.0,1.0
2018-12-26,0,0.0,0.0,0.0,0.0,1.0
2018-12-28,0,0.0,0.0,0.0,0.0,1.0
2019-01-02,0,0.0,0.0,0.0,0.0,1.0
2019-01-04,0,0.0,0.0,0.0,0.0,1.0
2019-01-08,0,0.0,0.0,0.0,0.0,1.0
2019-01-10,0,0.0,0.0,0.0,0.0,1.0
2019-01-14,0,0.0,0.0,0.0,0.0,1.0
2019-01-16,0,0.0,0.0,0.0,0.0,1.0
2019-01-18,0,0.0,0.0,0.0,0.0,1.0
2019-01-23,0,0.0,0.0,0.0,0.0,0.9974688770853095
2019-01-25,0,0.0,0.0,0.0,0.0,0.9974688770853095
2019-01-29,0,0.0,0.0,0.0,0.0,0.9974688770853095
2019-01-31,0,0.0,0.0,0.0,0.0,0.9974688770853095
2019-02-04,0,0.0,0.0,0.0,0.0,0.9974688770853095
2019-02-06,0,0.0,0.0,0.0,0.0,0.9974688770853095
2019-02-08,0,0.0,0.0,0.0,0.0,0.9974688770853095
2019-02-12,0,0.0,0.0,0.0,0.0,0.9967216320028525
2019-02-14,-1,-1.1111075180856348e-05,-9.480878822275076e-06,0.0,0.0,0.9917711960887294
2019-02-19,-1,-9.712712547395602e-06,-8.287681362835567e-06,0.0,0.0,0.9917721774873085
2019-02-21,-1,-1.942542509478909e-05,-1.657536272566932e-05,0.0,0.0,0.9942675844515265
2019-02-25,-1,-1.94254250947891e-05,-1.657536272566933e-05,0.0,0.0,0.9942675844515265
2019-02-27,-1,-1.9425425094789228e-05,-1.6575362725669443e-05,0.0,0.0,0.9942675844515265
2019-03-01,-1,-1.9425425094789265e-05,-1.6575362725669474e-05,0.0,0.0,0.9942675844515265
2019-03-05,-1,-1.9425425094789577e-05,-1.657536272566974e-05,0.0,0.0,0.9942675844515265
2019-03-07,-1,-1.942542509478966e-05,-1.6575362725669806e-05,0.0,0.0,0.9942675844515265
2019-03-11,-1,-1.942542509478986e-05,-1.657536272566997e-05,0.0,0.0,0.9942675844515265
2019-03-13,-1,-2.913813764218326e-05,-2.4863044088503677e-05,0.0,0.0,0.9950012401125208
2019-03-15,-1,-3.885085018957643e-05,-3.3150725451337165e-05,0.0,0.0,0.9999640005081897
2019-03-19,-1,-3.8850850189576586e-05,-3.31507254513373e-05,0.0,0.0,0.9999640005081897
2019-03-21,-1,-3.900622916497104e-05,-3.3283307511422637e-05,0.0,0.0,0.999963856538059
2019-03-25,-1,-3.450012485791037e-05,-2.9438330477212184e-05,0.0,0.0,0.9999012837150933
2019-03-27,-1,-3.1081554240880346e-05,-2.6521326205538092e-05,0.0,0.0,0.999904450887176
2019-03-29,-1,-2.9138137642181118e-05,-2.4863044088501834e-05,0.0,0.0,0.9999062513956534
2019-04-02,-1,-2.9138137642181494e-05,-2.4863044088502155e-05,0.0,0.0,0.9999062513956534
2019-04-04,-1,-2.9138137642181494e-05,-2.4863044088502155e-05,0.0,0.0,0.9999062513956534
2019-04-08,-1,-2.9138137642181647e-05,-2.486304408850228e-05,0.0,0.0,0.9999062513956534
2019-04-10,-1,-2.9138137642181996e-05,-2.4863044088502586e-05,0.0,0.0,0.9999062513956534
2019-04-12,-1,-2.913813764218219e-05,-2.4863044088502755e-05,0.0,0.0,0.9999062513956534
2019-04-16,-1,-2.913813764218247e-05,-2.4863044088503003e-05,0.0,0.0,0.9999062513956534
2019-04-18,-1,-2.9138137642182643e-05,-2.486304408850314e-05,0.0,0.0,0.9999062513956534
2019-04-23,-1,-3.885085018957603e-05,-3.3150725451336826e-05,0.0,0.0,0.9999640005081897
2019-04-25,-1,-3.8850850189576315e-05,-3.315072545133706e-05,0.0,0.0,0.9999640005081897
2019-04-29,-1,-3.885085018957661e-05,-3.3150725451337314e-05,0.0,0.0,0.9999640005081897
2019-05-01,-1,-3.885085018957661e-05,-3.31507254513373e-05,0.0,0.0,0.9999640005081897
2019-05-03,-1,-3.8850850189577135e-05,-3.315072545133777e-05,0.0,0.0,0.9999640005081897
2019-05-07,-1,-3.8850850189577474e-05,-3.315072545133805e-05,0.0,0.0,0.9999640005081897
2019-05-09,-1,-3.885085018957763e-05,-3.315072545133818e-05,0.0,0.0,0.9999640005081897
2019-05-13,-1,-3.885085018957789e-05,-3.31507254513384e-05,0.0,0.0,0.9999640005081897
2019-05-15,-1,-3.885085018957827e-05,-3.3150725451338724e-05,0.0,0.0,0.9999640005081897
2019-05-17,-1,-3.885085018957853e-05,-3.315072545133897e-05,0.0,0.0,0.9999640005081897
2019-05-21,-1,-3.885085018957871e-05,-3.315072545133911e-05,0.0,0.0,0.9999640005081897
2019-05-23,-1,-3.8850850189578965e-05,-3.315072545133933e-05,0.0,0.0,0.9999640005081897
2019-05-28,-1,-3.885085018957919e-05,-3.31507254513395e-05,0.0,0.0,0.9999640005081897
2019-05-30,-1,-3.450012485791849e-05,-2.9438330477219102e-05,0.0,0.0,0.9999347061066909
2019-06-03,-1,-3.10815542408859e-05,-2.6521326205542862e-05,0.0,0.0,0.9999378734905073
2019-06-05,-1,-3.108155424088665e-05,-2.65213262055435e-05,0.0,0.0,0.9999378734905073
2019-06-07,-1,-3.108155424088731e-05,-2.6521326205544062e-05,0.0,0.0,0.9999378734905073
2019-06-11,-1,-3.1081554240888084e-05,-2.652132620554472e-05,0.0,0.0,0.9999378734905073
2019-06-13,-1,-3.1081554240888864e-05,-2.6521326205545397e-05,0.0,0.0,0.9999378734905073
2019-06-17,-1,-3.108155424088978e-05,-2.652132620554616e-05,0.0,0.0,0.9999378734905073
2019-06-19,-1,-3.108155424089048e-05,-2.6521326205546772e-05,0.0,0.0,0.9999378734905073
2019-06-21,-1,-3.1081554240890876e-05,-2.6521326205547118e-05,0.0,0.0,0.9999378734905073
2019-06-25,-1,-3.1081554240892265e-05,-2.6521326205548277e-05,0.0,0.0,0.9999378734905073
2019-06-27,-1,-3.885194280110948e-05,-3.3151657756930365e-05,0.0,0.0,0.999963999495804
2019-07-01,-1,-3.885388538853888e-05,-3.315331533153317e-05,0.0,0.0,0.9999639976958526
2019-07-03,-1,-3.88538853885388e-05,-3.315331533153311e-05,0.0,0.0,0.9999639976958526
2019-07-08,-1,-3.8853885388538665e-05,-3.3153315331533e-05,0.0,0.0,0.9999639976958526
2019-07-10,-1,-3.885388538853896e-05,-3.3153315331533237e-05,0.0,0.0,0.9999639976958526
2019-07-12,-1,-3.885388538853902e-05,-3.315331533153329e-05,0.0,0.0,0.9999639976958526
2019-07-16,-1,-3.88508501895811e-05,-3.3150725451341136e-05,0.0,0.0,0.9999640005081897
2019-07-18,-1,-3.885085018958117e-05,-3.31507254513412e-05,0.0,0.0,0.9999640005081897
2019-07-22,-1,-3.885085018958126e-05,-3.315072545134129e-05,0.0,0.0,0.9999640005081897
2019-07-24,-1,-3.8850850189581804e-05,-3.3150725451341766e-05,0.0,0.0,0.9999640005081897
2019-07-26,-1,-3.885085018958194e-05,-3.315072545134187e-05,0.0,0.0,0.9999640005081897
2019-07-30,-1,-3.885085018958204e-05,-3.315072545134197e-05,0.0,0.0,0.9999640005081897
2019-08-01,-1,-3.885085018958408e-05,-3.315072545134359e-05,0.0,0.0,0.9999640005081897
2019-08-05,0,0.0,0.0,0.0,0.0,1.0
2019-08-07,0,0.0,0.0,0.0,0.0,1.0
2019-08-09,0,0.0,0.0,0.0,0.0,1.0
2019-08-13,0,0.0,0.0,0.0,0.0,1.0
2019-08-15,0,0.0,0.0,0.0,0.0,1.0
2019-08-19,0,0.0,0.0,0.0,0.0,1.0
2019-08-21,0,0.0,0.0,0.0,0.0,1.0
2019-08-23,0,0.0,0.0,0.0,0.0,1.0
2019-08-27,0,0.0,0.0,0.0,0.0,1.0
2019-08-29,0,0.0,0.0,0.0,0.0,1.0
2019-09-03,0,0.0,0.0,0.0,0.0,1.0
2019-09-05,0,0.0,0.0,0.0,0.0,1.0
2019-09-09,0,0.0,0.0,0.0,0.0,1.0
2019-09-11,0,0.0,0.0,0.0,0.0,1.0
2019-09-13,0,0.0,0.0,0.0,0.0,1.0
2019-09-17,0,0.0,0.0,0.0,0.0,1.0
2019-09-19,0,0.0,0.0,0.0,0.0,1.0
2019-09-23,0,0.0,0.0,0.0,0.0,1.0
2019-09-25,0,0.0,0.0,0.0,0.0,1.0
2019-09-27,0,0.0,0.0,0.0,0.0,1.0
2019-10-01,0,0.0,0.0,0.0,0.0,0.9950248756218907
2019-10-03,0,0.0,0.0,0.0,0.0,0.9950248756218907
2019-10-07,0,0.0,0.0,0.0,0.0,0.9950248756218907
2019-10-09,0,0.0,0.0,0.0,0.0,0.9950248756218907
2019-10-11,0,0.0,0.0,0.0,0.0,0.9950248756218907
2019-10-15,0,0.0,0.0,0.0,0.0,0.9950248756218907
2019-10-17,0,0.0,0.0,0.0,0.0,0.9950248756218907
2019-10-21,0,0.0,0.0,0.0,0.0,0.9950248756218907
2019-10-23,0,0.0,0.0,0.0,0.0,0.9950248756218907
2019-10-25,0,0.0,0.0,0.0,0.0,0.9950248756218907
2019-10-29,0,0.0,0.0,0.0,0.0,1.0
2019-10-31,0,0.0,0.0,0.0,0.0,1.0
2019-11-04,0,0.0,0.0,0.0,0.0,1.0
2019-11-06,0,0.0,0.0,0.0,0.0,1.0
2019-11-08,0,0.0,0.0,0.0,0.0,1.0
2019-11-12,0,0.0,0.0,0.0,0.0,1.0
2019-11-14,0,0.0,0.0,0.0,0.0,1.0
2019-11-18,0,0.0,0.0,0.0,0.0,1.0
2019-11-20,0,0.0,0.0,0.0,0.0,1.0
2019-11-22,0,0.0,0.0,0.0,0.0,1.0
2019-11-26,0,0.0,0.0,0.0,0.0,1.0
2019-11-29,0,0.0,0.0,0.0,0.0,1.0
2019-12-03,0,0.0,0.0,0.0,0.0,1.0
2019-12-05,0,0.0,0.0,0.0,0.0,1.0
2019-12-09,0,0.0,0.0,0.0,0.0,1.0
2019-12-11,0,0.0,0.0,0.0,0.0,1.0
2019-12-13,0,0.0,0.0,0.0,0.0,1.0
2019-12-17,0,0.0,0.0,0.0,0.0,1.0
2019-12-19,0,0.0,0.0,0.0,0.0,1.0
2019-12-23,0,0.0,0.0,0.0,0.0,1.0
2019-12-26,0,0.0,0.0,0.0,0.0,1.0
2019-12-30,0,0.0,0.0,0.0,0.0,1.0
2020-01-02,0,0.0,0.0,0.0,0.0,1.0
2020-01-06,0,0.0,0.0,0.0,0.0,1.0
2020-01-08,0,0.0,0.0,0.0,0.0,1.0
2020-01-10,0,0.0,0.0,0.0,0.0,1.0
2020-01-14,0,0.0,0.0,0.0,0.0,1.0
2020-01-16,0,0.0,0.0,0.0,0.0,1.0
2020-01-21,0,0.0,0.0,0.0,0.0,1.0
2020-01-23,0,0.0,0.0,0.0,0.0,1.0
2020-01-27,0,0.0,0.0,0.0,0.0,1.0
2020-01-29,0,0.0,0.0,0.0,0.0,1.0
2020-01-31,0,0.0,0.0,0.0,0.0,1.0
2020-02-04,0,0.0,0.0,0.0,0.0,1.0
2020-02-06,0,0.0,0.0,0.0,0.0,1.0
2020-02-10,1,0.00021280000043780948,0.0003353643997030123,0.0,0.0,0.9898692646355715
2020-02-12,-1,-0.0002755584074432212,-0.0001861908178856412,0.0,0.0,0.989904116017871
2020-02-14,-1,-0.0003272017408525253,-0.00023028641550143356,0.0,0.0,0.9898388376565621
2020-02-19,-1,-0.0003787830456860754,-0.00027432908533723025,0.0,0.0,0.989802762245448
2020-02-21,-1,-0.0004305602241173691,-0.00031850961210678965,0.0,0.0,0.9897665694585859
2020-02-25,1,0.00036263714097995424,0.00048226692126189036,0.0,0.0,0.9896785601952358
2020-02-27,1,0.00040681121189442034,0.0005340365337815587,0.0,0.0,0.9896370178869875
2020-03-02,1,0.00045098528280888595,0.0005858061463012267,0.0,0.0,0.9895954790661162
2020-03-04,1,0.000495159353723352,0.000637575758820895,0.0,0.0,0.9895539437321821
2020-03-06,1,0.0005393334246378177,0.0006893453713405629,0.0,0.0,0.9895124118847465
2020-03-10,-1,-0.002461804981449282,-0.002247230931102317,0.0,0.0,0.9977115700737849
2020-03-12,-1,-0.0023066356082767246,-0.0021148365861443055,0.0,0.0,0.9978547151509704
2020-03-16,-1,-0.002152781815070409,-0.001983646669573828,0.0,0.0,0.997936054439282
2020-03-18,-1,-0.0019973674747595332,-0.0018510344332467875,0.0,0.0,0.9980794944845418
2020-03-20,-1,-0.0018418707860802111,-0.001718345371260479,0.0,0.0,0.9982230550753454
2020-03-24,-1,-0.0025516959504421873,-0.0022701996405815007,0.0,0.0,0.9892392780768434
2020-03-26,-1,-0.0022759421513942075,-0.0020281888135705636,0.0,0.0,0.9893308920511714
2020-03-30,-1,-0.0021844584552779475,-0.0019501192722416408,0.0,0.0,0.9894042641058599
2020-04-01,1,3.718935037691661e-05,4.3583899310503364e-05,0.0,0.0,0.9850463212385424
2020-04-03,1,3.2418200469861855e-05,3.7992370686399034e-05,0.0,0.0,0.985049626855681
2020-04-07,1,3.600056902498996e-05,4.219071211525911e-05,0.0,0.0,0.980219333585719
2020-04-09,1,4.474942410485832e-05,5.2443895217910157e-05,0.0,0.0,0.9754377956172655
2020-04-14,1,4.186645346234896e-05,4.906521016628189e-05,0.0,0.0,0.9754394240944001
2020-04-16,1,4.186645346234849e-05,4.906521016628132e-05,0.0,0.0,0.9754394240944001
2020-04-20,1,3.928157117885418e-05,4.6035868485625215e-05,0.0,0.0,0.9725363031739289
2020-04-22,1,4.932644482213286e-05,5.780791497254386e-05,0.0,0.0,0.9805937065084527
2020-04-24,1,3.7092109233113436e-05,4.346993797002798e-05,0.0,0.0,0.9809933850390495
2020-04-28,1,0.0008232154469237059,0.0009327015069073742,0.0,0.0,0.9803676753162899
2020-04-30,1,0.0005567469485101631,0.000630618153826283,0.0,0.0,0.9865934514456532
2020-05-04,1,0.0013260114845088434,0.0015000921225907554,0.0,0.0,0.9858859212378184
2020-05-06,1,0.0012272733196432362,0.0013872668541039998,0.0,0.0,0.9859770955326844
2020-05-08,1,0.0011350630758290188,0.0012819475407590273,0.0,0.0,0.9908148445802089
2020-05-12,1,0.0010978234219820736,0.0012383046885130597,0.0,0.0,0.9860970095616746
2020-05-14,1,0.0012574022624300641,0.0014163619223481068,0.0,0.0,0.9859510871083179
2020-05-18,1,0.0011768418398643977,0.0013242617535557436,0.0,0.0,0.9841948189581315
2020-05-20,1,0.0008210575606297766,0.0009224780714243768,0.0,0.0,0.9796577162332248
2020-05-22,1,0.0009456032011558391,0.0010606318469969596,0.0,0.0,0.9795593525360763
2020-05-27,-1,-0.006053992825506555,-0.005500541529927448,0.0,0.0,0.9761521518101303
2020-05-29,-1,-0.00569936792570247,-0.005197946538202726,0.0,0.0,0.9763933165121901
2020-06-02,-1,-0.005347070995518663,-0.0048974837780232,0.0,0.0,0.9766329341005205
2020-06-04,-1,-0.006560703196217155,-0.005981234411830223,0.0,0.0,0.9799123476800549
2020-06-08,-1,-0.006155354270415404,-0.005635386587557168,0.0,0.0,0.9802313321591012
2020-06-10,-1,-0.007345372847591477,-0.006699111068100148,0.0,0.0,0.9840883691977399
2020-06-12,-1,-0.006888416682655151,-0.00630920223532329,0.0,0.0,0.98445106799197
2020-06-16,-1,-0.008001664963290606,-0.007307406396891541,0.0,0.0,0.9883184160513501
2020-06-18,-1,-0.009091824050548846,-0.008286071215398188,0.0,0.0,0.991385899832289
2020-06-22,-1,-0.008528710352894424,-0.007805352394184059,0.0,0.0,0.9918991286965492
2020-06-24,-1,-0.007974529176101426,-0.007332815835102964,0.0,0.0,0.9924044612604142
2020-06-26,-1,-0.007411322207606076,-0.006851985410191235,0.0,0.0,0.992918846526244
2020-06-30,-1,-0.006849676609351205,-0.006372565780791632,0.0,0.0,0.9885221495179348
2020-07-02,-1,-0.005734622111845675,-0.0053744622244997165,0.0,0.0,0.9895556927135
2020-07-07,-1,-0.005230360959011317,-0.004944689879379042,0.0,0.0,0.990013216513085
2020-07-09,-1,-0.004720087128484419,-0.00450928247958582,0.0,0.0,0.9904768770217509
2020-07-13,-1,-0.004209813297957523,-0.004073875079792601,0.0,0.0,0.9909409720332991
2020-07-15,-1,-0.0036995394674306254,-0.0036384676799993783,0.0,0.0,0.9914055021587849
2020-07-17,-1,-0.003203807252474011,-0.003190009392180614,0.0,0.0,0.991869734716835
2020-07-21,-1,-0.002766957982960917,-0.002678319169792451,0.0,0.0,0.9923365435282008
2020-07-23,-1,-0.0023315452415743213,-0.0021680668346995896,0.0,0.0,0.9928023753445504
2020-07-27,-1,-0.001896268569555908,-0.0016579462100264268,0.0,0.0,0.9932685126230555
2020-07-29,-1,-0.002747879340478803,-0.0026041536358234287,0.0,0.0,0.9926602283132253
2020-07-31,-1,-0.0029716950837940423,-0.002875488818461036,0.0,0.0,0.9924360374591668
2020-08-04,-1,-0.0026087572031981165,-0.0025654102545121685,0.0,0.0,0.9927292108939499
2020-08-06,-1,-0.0022586185569454633,-0.0022492369774017237,0.0,0.0,0.9883362831247354
2020-08-10,-1,-0.0017814677781672673,-0.0017247639842174942,0.0,0.0,0.9887365614348703
2020-08-12,-1,-0.0015017029922761392,-0.0013968430308678316,0.0,0.0,0.9889831722992405
2020-08-14,-1,-0.0012202470591648144,-0.0010674189827539129,0.0,0.0,0.9892311216707995
2020-08-18,-1,-0.0009416177695395059,-0.0007404717216543119,0.0,0.0,0.9894771833362929
2020-08-20,-1,-0.0006608704805314899,-0.00041185109524653903,0.0,0.0,0.9897247704574004
2020-08-24,-1,-0.0003811738883637615,-8.406187637123792e-05,0.0,0.0,0.9899620176311695
2020-08-26,-1,-0.001011065369386783,-0.0007857370779048889,0.0,0.0,0.9942472572600027
2020-08-28,-1,-0.0007031878305391336,-0.0004249282657144927,0.0,0.0,0.994550038555156
2020-09-01,-1,-0.00039502810527117704,-6.408452049526826e-05,0.0,0.0,0.9948333611378408
2020-09-03,-1,-0.0009962840888889687,-0.0007322288071232897,0.0,0.0,0.9991364898462122
2020-09-08,-1,-0.0006613574567605139,-0.0003391696819309422,0.0,0.0,0.9994999865691581
2020-09-10,0,-0.0003251469101749147,5.482643093922702e-05,0.0,0.0,0.9997775142072612
2020-09-14,-1,-0.0008501419094355134,-0.0005590695170803773,0.0,0.0,0.9992958904063843
2020-09-16,-1,-0.0005164928676705395,-0.0001684788525337451,0.0,0.0,0.999657078959574
2020-09-18,0,-0.0001796073322616761,0.0002263676279404569,0.0,0.0,0.999786173395443
2020-09-22,-1,-0.00047811941723798184,-0.000146144314685059,0.0,0.0,0.9935971982280971
2020-09-24,0,-0.00018567408580412448,0.0002670505133328246,0.0,0.0,0.9888880905443316
2020-09-28,-1,-0.0005228415132070813,-0.00019186507054353417,0.0,0.0,0.9887085036972368
2020-09-30,-1,-0.0010032503579642518,-0.0007644119362965565,0.0,0.0,0.9882365322231792
2020-10-02,-1,-0.0006860017300668989,-0.0003926137705706996,0.0,0.0,0.9885447746506033
2020-10-06,-1,-0.0003685828508065448,-2.080599438983679e-05,0.0,0.0,0.9888405832758741
2020-10-08,-1,-0.0003509299302207347,-1.474017463736735e-05,0.0,0.0,0.9888487336634466
2020-10-12,0,-4.510534660804276e-05,0.00034366963149696367,0.0,0.0,0.9888887921923493
2020-10-14,1,0.00026071923700465155,0.0007020794376312979,0.0,0.0,0.9886958221670564
2020-10-16,1,0.0005665438206173424,0.001060489243765628,0.0,0.0,0.9884459040780256
2020-10-20,-1,-0.0006096203979013014,-0.0002583588598286336,0.0,0.0,0.9946730637061093
2020-10-22,-1,-0.001646224556808845,-0.0014167116559629274,0.0,0.0,0.9984708737017706
2020-10-26,-1,-0.0023017791393875925,-0.002184658637101997,0.0,0.0,0.9977618018800535
2020-10-28,-1,-0.0019062662070426636,-0.001721122061767156,0.0,0.0,0.9981895893966872
2020-10-30,-1,-0.0018031176760874691,-0.001772934057849686,0.0,0.0,0.9982151654633513
2020-11-03,-1,-0.0015417640919868933,-0.001466411561623148,0.0,0.0,0.9984981710558277
2020-11-05,-1,-0.0023133345431335783,-0.0022620103444730344,0.0,0.0,0.9977175490563249
2020-11-09,-1,-0.00029385062199018886,-0.0002756124453701359,0.0,0.0,0.9997153495152888
2020-11-11,-1,-0.0009031968816536108,-0.0008032449135508297,0.0,0.0,0.9941808399317159
2020-11-13,-1,-0.0003287678790579382,-0.0002928555546811367,0.0,0.0,0.989828385613724
2020-11-17,1,0.0004122373845897101,0.000448247196514187,0.0,0.0,0.9897230943725022
2020-11-19,-1,-0.0015985062180939788,-0.0015623179449060468,0.0,0.0,0.9887101637942427
2020-11-23,-1,-0.0005664532663879303,-0.0005642652653883545,0.0,0.0,0.984728239160281
2020-11-25,1,0.0003782589627234843,0.0003864328912703398,0.0,0.0,0.9753571641945481
2020-11-30,-1,-6.728711360515846e-05,-6.359022864255619e-05,0.0,0.0,0.9708251033230788
2020-12-02,-1,-0.0005528028128420023,-0.0004958279758085976,0.0,0.0,0.9612654272996445
2020-12-04,-1,-0.0004036306191266349,-0.0003321482183623382,0.0,0.0,0.96135667696929
2020-12-08,-1,-0.00023770386818209595,-0.00016504394314813953,-0.04204542568215111,0.0,0.955854081925517
2020-12-10,-1,-0.0007108572306932246,-0.0006968914472467672,-0.04204542568215111,0.0,0.9602350005996382
2020-12-14,-1,-0.0011926517849157586,-0.001152188480996214,-0.005681808560717037,0.007423169688362846,0.958597012725662
2020-12-16,-1,-0.000829783213519721,-0.0007429562289538506,-0.005681808560717037,0.04726950906508854,0.9542167684762313
2020-12-18,-1,-0.00030652748311728686,-0.0002976461940282111,-0.04204542568215111,0.05029598470714793,0.9483848174294424
2020-12-22,-1,-0.003377582186199272,-0.0030968677898632713,-0.04204542568215111,0.05029598470714793,0.9474378718567846
2020-12-24,-1,-0.006881039977168116,-0.006257844550335807,-0.04204542568215111,0.030701503967471185,0.9508779733225882
2020-12-29,-1,-0.008865557130624379,-0.008050203036222028,-0.1,0.030701503967471185,0.9465625254287547
2020-12-31,-1,-0.01114149200180778,-0.010073898734818391,-0.025261387302356504,0.05029598470714793,0.9481174249864376
2021-01-05,-1,-0.010044099192695916,-0.00911079168758706,-0.039604225760138785,0.05029598470714793,0.9466397324301304
2021-01-07,-1,-0.01073093476327305,-0.009731044413933371,-0.008215961620205393,0.06499072432103521,0.9476945190945484
2021-01-11,-1,-0.009729576883172095,-0.008854310889735938,-0.008215961620205393,0.06499072432103521,0.9479790450604196
2021-01-13,-1,-0.009895166161053143,-0.00900399568201286,-0.008215961620205393,0.04352825673021554,0.9519487263665986
2021-01-15,-1,-0.010535153854856372,-0.009588150111547847,-0.008215961620205393,0.03536198980377142,0.9562416719154866
2021-01-20,-1,-0.01250420387539455,-0.01129648072009259,-0.0044416208858311665,0.04352825673021554,0.9562248886182843
2021-01-22,-1,-0.012028420644685931,-0.010873493266065775,-0.019194654452901545,0.04352825673021554,0.956434961580104
2021-01-26,-1,-0.014401119678777375,-0.01302917248609717,-0.019194654452901545,0.0645930680364625,0.95122173146618
2021-01-28,-1,-0.016997937722896546,-0.015279463998456937,-0.0044416208858311665,0.04352825673021554,0.9571970063896866
2021-02-01,-1,-0.017668786611090635,-0.01589705402780372,0.0,0.02395488018814161,0.9613733240106355
2021-02-03,-1,-0.017446372558652085,-0.015726601589400913,0.0,0.02395488018814161,0.9596338184651213
2021-02-05,-1,-0.016264965682524606,-0.014697327130342965,0.0,0.006183986738029924,0.9626620523686843
2021-02-09,-1,-0.016100981852471302,-0.014565985835989346,0.0,0.02395488018814161,0.9582170267315027
2021-02-11,-1,-0.015372940700813631,-0.013949195908666265,-0.0030361356593470285,0.00462962503050604,0.960966951444694
2021-02-16,-1,-0.014487293258016069,-0.013193225156831412,-0.0030361356593470285,0.00462962503050604,0.9613815825019592
2021-02-18,-1,-0.014900564489029157,-0.013585063882379185,0.0,0.0,0.9652230270299357
2021-02-22,-1,-0.016468323713667587,-0.014998813392992404,0.0,0.0,0.9684783652529488
2021-02-24,-1,-0.01690679446911971,-0.015417633897158296,0.0,0.0,0.9758803609791739
2021-02-26,-1,-0.017080873984176247,-0.015603495952223208,0.0,0.0,0.9766073232849785
2021-03-02,-1,-0.015347559831819155,-0.014083085959543011,0.0,0.0,0.9745658038549172
2021-03-04,-1,-0.015533136651430437,-0.014279671794998262,0.0,0.0,0.9776769035994218
2021-03-08,-1,-0.014443637145154613,-0.01334979601177095,0.0,0.0,0.9785410250063025
2021-03-10,-1,-0.014721717726474702,-0.013636528006932578,0.0,0.0,0.9831322765044528
2021-03-12,-1,-0.013587518187925886,-0.012668216071463245,0.0,0.0,0.9833278928760741
2021-03-16,-1,-0.011909024333770116,-0.011094173708926732,0.0,0.0,0.9845683140455651
2021-03-18,-1,-0.01205161781066547,-0.011217454907565167,0.0,0.0,0.9844687783343918
2021-03-22,-1,-0.011056147830086724,-0.010367525667255812,0.0,0.0,0.985157942930679
2021-03-24,-1,-0.010062047922635573,-0.009518791795871982,0.0,0.0,0.9859307234605467
2021-03-26,-1,-0.009071316725301667,-0.008673172806826435,0.0,0.0,0.9865179746909424
2021-03-30,-1,-0.009201889644263014,-0.008818703486490762,0.0,0.0,0.990564206074487
2021-04-01,-1,-0.0081824593227654,-0.007949405794079826,0.0,0.0,0.991255582503834
2021-04-06,-1,-0.007259419565219699,-0.007165096551764536,0.0,0.0,0.9926371099491638
2021-04-08,-1,-0.006288323726052615,-0.006231768681079265,0.0,0.0,0.9934785184520182
2021-04-12,-1,-0.005407639074071783,-0.0052003167816005134,0.0,0.0,0.9934819581370078
2021-04-14,-1,-0.004536679480211348,-0.004178077787109923,0.0,0.0,0.9942582949903682
2021-04-16,-1,-0.003658971157245354,-0.0031492995977093837,0.0,0.0,0.9950410693481213
2021-04-20,-1,-0.0027826036321441853,-0.0021214477989812304,0.0,0.0,0.9958242557720651
2021-04-22,-1,-0.001940507199206919,-0.001131976268489696,0.0,0.0,0.9972846279777496
2021-04-26,-1,-0.0010584258078517777,-9.947980519120925e-05,0.0,0.0,0.9980661509492598
2021-04-28,0,-0.00017847662898203605,0.0009317728523982162,0.0,0.0,0.9980115754700345
2021-04-30,1,0.0007010252430083778,0.0019617737506493036,0.0,0.0,0.9972551545411402
2021-05-04,1,0.0015798936662600421,0.002991384920259497,0.0,0.0,0.996073693162414
2021-05-06,1,0.0016684808890195788,0.002917642785883382,0.0,0.0,0.9960509600312522
2021-05-10,1,0.0019395530164134926,0.0032533857806815248,0.0,0.0,0.9971975800711861
2021-05-12,1,0.0026956371481073067,0.004139475328684683,0.0,0.0,0.996476187990548
2021-05-14,1,0.0034584864673699494,0.0050354147128345355,0.0,0.0,0.9913714691016995
2021-05-18,1,0.004532182695669124,0.006605116889674285,0.0,0.0,0.9855450018681521
2021-05-20,1,0.004774206573100046,0.006936254784271841,0.0,0.0,0.9853387606161903
2021-05-24,1,0.004576949039531644,0.006538059595486706,0.0,0.0,0.985533082953684
2021-05-26,1,0.0037462314463949913,0.005394729151697487,0.0,0.0,0.9819693719087268
2021-05-28,1,0.004340338557721642,0.0060508909577354705,0.0,0.0,0.9813577674520566
2021-06-02,1,0.004764696765787453,0.006587295854854493,0.0,0.0,0.9802318915039256
2021-06-04,1,0.005539434725551296,0.007495413142482868,0.0,0.0,0.9796097775235685
2021-06-08,1,0.0054491521258781235,0.007318776478401778,0.0,0.0,0.9749209086713518
2021-06-10,1,0.005706789735041145,0.007613982239243802,0.0,0.0,0.9747175321373721
2021-06-14,1,0.003679556098698373,0.005128163593407163,0.0,0.0,0.9805941227500421
2021-06-16,1,0.0020492373624750064,0.0031018526789892724,0.0,0.0,0.9869875230920677
2021-06-18,1,0.001610354030030646,0.002419620542358617,0.0,0.0,0.9832011436316787
2021-06-22,1,0.000706780054796039,0.0011365549400520394,0.0,0.0,0.9839777646488432
2021-06-24,1,2.376989688312309e-05,0.00037419899173725076,-0.0010686440711307162,0.0,0.9881802301478583
2021-06-28,1,0.00012389665636408816,0.0005029558331335511,0.0,0.0,0.9882911673580062
2021-06-30,1,0.00032250880991747293,0.0007668947663476489,0.0,0.0,0.9888344835333247
2021-07-02,1,0.00022006082681485638,0.0006543356380460351,0.0,0.0,0.9889281083990707
2021-07-07,-1,-0.000371775817542672,-8.338845557892029e-06,0.0,0.0,0.9940752327075265
2021-07-09,0,-4.216715685750449e-05,0.00037789192973588636,0.0,0.0,0.9940418667349411
2021-07-13,0,-0.0001269714264760741,0.00010389409041889957,0.0,0.0,0.9905585031203582
2021-07-15,-1,-0.00013568053406524857,-8.719750292103442e-05,0.0,0.0,0.9905282350814805
2021-07-19,1,0.00030166262184826457,0.0003865918226907566,0.0,0.0,0.994610316800503
2021-07-21,1,0.00040152644526816715,0.0005089955062937477,0.0,0.0,0.9945136108317748
2021-07-23,1,0.0002673005263188858,0.0003582697703249762,0.0,0.0,0.9958173707345386
2021-07-27,-1,-8.613759777182351e-05,-8.116801531346708e-05,0.0,0.0,0.9960133787709281
2021-07-29,-1,-7.072706887641534e-05,-6.315091104572638e-05,0.0,0.0,0.9960285603227352
2021-08-02,1,0.0004457266787279325,0.0005814762602492236,0.0,0.0,0.9956426161010626
2021-08-04,1,0.00043079914498409184,0.0005597529818866913,0.0,0.0,0.9956582921299427
2021-08-06,1,0.0004733483472489772,0.0006096442284967976,0.0,0.0,0.9956177838493026
2021-08-10,-1,-0.00013692556149383348,-7.894633744932845e-05,0.0,0.0,0.9996159679253435
2021-08-12,-1,-6.649460602192175e-05,-4.7091726558728465e-06,0.0,0.0,0.995437363995452
2021-08-16,1,3.423390744125031e-05,0.00011134293608553383,0.0,0.0,0.9956685818145422
2021-08-18,1,8.944577438722387e-05,0.00017627322511054914,0.0,0.0,0.9956060560185664
2021-08-20,-1,-0.0003703664992272864,-0.000356417928657988,0.0,0.0,0.9954209374391181
2021-08-24,-1,-0.0003315734294380999,-0.00032327083728132203,0.0,0.0,0.9954524562727397
2021-08-26,-1,-0.0018670852896807007,-0.0017584895898122965,0.0,0.0,0.9941394309254696
2021-08-30,-1,-0.0016919444290972997,-0.0016090450717083133,0.0,0.0,0.994281267963071
2021-09-01,-1,-0.0015146911906523037,-0.0014575678442010872,0.0,0.0,0.994424982146678
2021-09-03,-1,-0.001339794235244564,-0.0013083314459574175,0.0,0.0,0.9945667030156292
2021-09-08,-1,-0.0011648972798368243,-0.0011590950477137476,0.0,0.0,0.9947084642851493
2021-09-10,-1,-0.001729848469160695,-0.001664123357290797,0.0,0.0,0.9983088826784572
2021-09-14,-1,-0.001553692809835328,-0.0015128194217309742,0.0,0.0,0.9982037641802913
2021-09-16,-1,-0.0013524424345444375,-0.0013406711825977545,0.0,0.0,0.9983653237465558
2021-09-20,-1,-0.0011726848396591614,-0.001155436079389891,0.0,0.0,0.9985296069093916
2021-09-22,-1,-0.001003868158247298,-0.0009575920952918248,0.0,0.0,0.9986970416150176
2021-09-24,-1,-0.0008365671530100925,-0.0007611271065525132,0.0,0.0,0.9988632464743574
2021-09-28,-1,-0.0006674440576477129,-0.0005629240219423039,0.0,0.0,0.9990310972580823
2021-09-30,-1,-0.0005324674196000392,-0.00041011394289791397,0.0,0.0,0.9991621475273176
2021-10-04,-1,-0.00036748996061083055,-0.0002167693190146333,0.0,0.0,0.999325981203423
2021-10-06,-1,-0.0002025125016216217,-2.34246951313523e-05,0.0,0.0,0.9994747474103093
2021-10-08,0,-3.753504263241344e-05,0.00016991992875192816,0.0,0.0,0.9994685622908569
2021-10-12,1,0.00012090871532028584,0.00035586976267596847,0.0,0.0,0.9997616675768869
2021-10-14,1,0.000286088514183948,0.0005494515179053283,0.0,0.0,0.9995824044428581
2021-10-18,1,0.0004514513396806012,0.0007433346345958192,0.0,0.0,0.9994029636781736
2021-10-20,1,0.0005152996246872988,0.0007829326804101644,0.0,0.0,0.9944732732275202
2021-10-22,1,0.000648576858044297,0.0009390224662909989,0.0,0.0,0.9943467656230336
2021-10-26,1,0.0007865733760938059,0.0011007468924214186,0.0,0.0,0.9942157751382518
2021-10-28,1,0.0009237910298438675,0.0012614078036728392,0.0,0.0,0.9940856103238047
2021-11-01,1,0.0010616712986384097,0.0014229959919886148,0.0,0.0,0.9939547989070141
2021-11-03,1,0.0009411270495676882,0.0012804244569116902,0.0,0.0,0.9892915788402541
2021-11-05,1,3.801553925974606e-05,5.3715738486622145e-05,0.0,0.0,0.9900659576405094
2021-11-09,1,4.50829659772048e-05,6.199837884780682e-05,0.0,0.0,0.9900601647312982
2021-11-11,1,5.3988661452400284e-05,7.275838122293099e-05,0.0,0.0,0.98962119016223
2021-11-15,1,1.5152720199501487e-05,2.153358170325766e-05,0.0,0.0,0.9896488045206057
2021-11-17,1,0.00010254895714109764,0.0001250662165376803,0.0,0.0,0.9944953532330816
2021-11-19,1,9.736318672284335e-05,0.00011839307043763374,0.0,0.0,0.9895790851719358
2021-11-23,1,4.485353867680577e-05,0.00012934460303039118,0.0,0.0,0.9847495518382872
2021-11-26,1,0.000507060410469015,0.00051365621010226,0.0,0.0,0.984442058502589
2021-11-30,1,0.0004212685460978344,0.00044045156907511365,0.0,0.0,0.9844992668758041
2021-12-02,1,0.0011801107094268643,0.0012553599569493999,0.0,0.0,0.9887204140265017
2021-12-06,1,0.0010801971264770738,0.0011384379577090544,0.0,0.0,0.9840493229207058
2021-12-08,1,0.001063358425717535,0.0011531446320732202,0.0,0.0,0.9840582450698333
2021-12-10,1,0.0009971035302974844,0.001075272648840162,0.0,0.0,0.9844320541857621
2021-12-14,1,0.00016377914467052227,0.00020801648493692774,0.0,0.0,0.9802572884135853
2021-12-16,-1,-5.5325741625952195e-05,-4.720845134878426e-05,0.0,0.0,0.9803542155549965
2021-12-20,1,0.000333890316680428,0.00037599875999323723,0.0,0.0,0.984953867192764
2021-12-22,1,0.00019864279521386122,0.0002221954533122344,0.0,0.0,0.9850626356015619
2021-12-27,1,0.0002110554116421779,0.000235596133810199,0.0,0.0,0.982922689133294
2021-12-29,1,0.00025914089446713604,0.000288625730054886,0.0,0.0,0.9780778314687298
2021-12-31,1,0.00011399226423030389,0.00012688691269757593,0.0,0.0,0.9687286187109797
2022-01-04,1,9.776607948387266e-05,0.00010832921734279196,0.0,0.0,0.9734440205937003
2022-01-06,1,0.0001036485085110699,0.00011476459264652794,0.0,0.0,0.9734394509859792
2022-01-10,1,9.847663065145158e-05,0.00010870343262100238,0.0,0.0,0.9734435490398927
2022-01-12,1,0.0003438078921198993,0.00038615969849394694,0.0,0.0,0.9780104483257233
2022-01-14,1,0.0001051372852132093,0.00011484726441999409,0.0,0.0,0.972950879360498
2022-01-19,1,9.192442702719827e-05,9.993564540513247e-05,0.0,0.0,0.9729597660422122
2022-01-21,0,0.0,0.0,-0.0026336334146938433,0.0,0.9730213028411315
2022-01-25,1,0.0003093629364254981,0.00034930960219103793,0.0,0.0,0.9701706109448189
2022-01-27,1,0.0001097361652271963,0.00012307605738333757,0.0,0.0,0.9750345995935658
2022-01-31,1,9.523986735116073e-05,0.00010647687205400463,0.0,0.0,0.9798212560414856
2022-02-02,0,-6.9006103322257566e-06,4.321387615061597e-06,0.0,0.0,0.9798852167398514
2022-02-04,-1,-1.7715381873783384e-05,-4.906660688738538e-06,0.0,0.0,0.9798797867675235
2022-02-08,-1,-2.8610408863176557e-05,-1.4199267082779488e-05,0.0,0.0,0.9798723249674018
2022-02-10,-1,-3.9517940731416554e-05,-2.3483514645523868e-05,0.0,0.0,0.9798648654841496
2022-02-14,1,0.00013395970871691595,0.00013830520876702813,0.0,0.0,0.9803016939521491
2022-02-16,-1,-0.00011674382229117638,-0.00011494845091239691,0.0,0.0,0.9739997306605661
2022-02-18,-1,-0.0022375109627459674,-0.002029461104071609,0.0,0.008009961759201992,0.9722884899524141
2022-02-23,-1,-0.0022812936063707685,-0.002068830611671381,0.0,0.008009961759201992,0.9722535350444701
2022-02-25,-1,-0.001987450500749362,-0.00180876274697621,0.0,0.010130405469728461,0.9697076378272345
2022-03-01,-1,-0.0009720624257860388,-0.0008957998204916849,0.0,0.0007068145701754897,0.9750205092840619
2022-03-03,-1,-0.0010252139368271715,-0.000950236287127916,-0.0011607206244097907,0.0007068145701754897,0.968322808790994
2022-03-07,-1,-0.0009086842544111767,-0.0008518412018988294,-0.0011607206244097907,0.0007068145701754897,0.9683664797010706
2022-03-09,-1,-0.0008283510321359747,-0.0007833569444435196,-0.0011607206244097907,0.0007068145701754897,0.9683969824617543
2022-03-11,-1,-0.0007472737276405035,-0.0007141751518045268,-0.0011607206244097907,0.0007068145701754897,0.9684278079181681
2022-03-15,-1,-0.0012583840053561625,-0.0011682234496789433,-0.0011607206244097907,0.0,0.9729327597541414
2022-03-17,-1,-0.0007653771188819259,-0.0007353667988966617,0.0,0.0,0.9793481738580696
2022-03-21,-1,-0.0012704025217840035,-0.0011842229835131572,0.0,0.0,0.9839086056275573
2022-03-23,-1,-0.0017521267350654555,-0.0016129067090804234,0.0,0.0,0.988523422782194
2022-03-25,-1,-0.0012806089251337239,-0.0011996883402447818,0.0,0.0,0.9896715995291375
2022-03-29,-1,-0.0011767171809006214,-0.0011110394001848756,0.0,0.0,0.9898438843444982
2022-03-31,-1,-0.0002668064470037003,-0.0002178702087671004,0.0,0.0,0.9976684735609502
2022-04-04,-1,-0.0001947890418788936,-0.0001334245799709505,0.0,0.0,0.9972091141078707
2022-04-06,-1,-0.00012263560438297063,-4.808023436577116e-05,0.0,0.0,0.9939600096093927
2022-04-08,0,-4.67885627275916e-05,3.6729276994579936e-05,0.0,0.0,0.9891004119121164
2022-04-12,-1,-0.00026502221414462094,-0.00023713279688899645,0.0,0.0,0.9860122739415103
2022-04-14,-1,-0.00020836701837396312,-0.00017073598374600838,0.0,0.0,0.986056689934472
2022-04-19,-1,-0.000151838305218,-0.00010442614694283455,0.0,0.0,0.9846796103425384
2022-04-21,-1,-9.497738663694115e-05,-3.79107467009219e-05,0.0,0.0,0.9847239937384853
2022-04-25,-1,-0.00024974132613063226,-0.00021072475798874832,0.0,0.0,0.986642982060256
2022-04-27,-1,-0.0005077804181862324,-0.000487927802799856,0.0,0.0,0.9864556464247628
2022-04-29,-1,-0.00044953278942853897,-0.000438182413371766,0.0,0.0,0.98649020746157
2022-05-03,-1,-0.00032844255004637143,-0.00032338707594742675,0.0,0.0,0.9870845644269435
2022-05-05,-1,-0.0007014568225386501,-0.0006618121793346228,0.0,0.0,0.990086992856131
2022-05-09,-1,-7.763183903956687e-05,-3.836227853689701e-05,0.0,0.0,0.9954976298696728
2022-05-11,1,0.00027998773510842675,0.00036781795039271705,0.0,0.0,0.998256416140061
2022-05-13,-1,-0.0023163160095792537,-0.0021889937697459755,0.0,0.0,0.9962972070250586
2022-05-17,-1,-0.0024395316816447753,-0.002328827481627203,0.0,0.0,0.9976214912104548
2022-05-19,-1,-0.00202935224726389,-0.0018484548104739154,0.0,0.0,0.9980648485431198
2022-05-23,-1,-0.0016198376317059526,-0.001368813040531036,0.0,0.0,0.9985079043402297
2022-05-25,-1,-0.0012105559649001265,-0.0008895284953608624,0.0,0.0,0.9989510592020043
2022-05-27,-1,-0.0012280541691909192,-0.0009068688777560915,0.0,0.0,0.9989336767355828
2022-06-01,-1,-0.000817537703246497,-0.0004257305631766501,0.0,0.0,0.9993787520557159
2022-06-03,0,-0.00040655229723237664,5.541508129356179e-05,0.0,0.0,0.9997256096580829
2022-06-07,0,-0.0003970268982470763,6.889065082451673e-05,0.0,0.0,0.9997277037443033
2022-06-09,1,1.4976014406999994e-05,0.0005521852931678782,0.0,0.0,0.9996462785420013
2022-06-13,1,0.0004271836946238151,0.0010351084219816285,0.0,0.0,0.9992693881256892
2022-06-15,1,0.0004664402472755625,0.001112396026071844,0.0,0.0,0.9992112045527585
2022-06-17,1,0.0008149601089630148,0.0015157542385119448,0.0,0.0,0.9988359993028252
2022-06-22,1,0.0009504736438281768,0.0017539288603284175,0.0,0.0,0.9953079817009696
2022-06-24,1,0.00027453976330981604,0.0007813929155301429,0.0,0.0,0.9961251705038098
2022-06-28,1,0.0006289911536546933,0.0011967527723283039,0.0,0.0,0.9957433883691592
2022-06-30,1,0.000983341164953457,0.0016119737793246038,0.0,0.0,0.9953620177743677
2022-07-05,1,0.001360010072896154,0.001696813703628797,0.0,0.0,0.995133451362364
2022-07-07,1,0.001439414774467855,0.001789871702303325,0.0,0.0,0.9950480645953009
2022-07-11,1,0.000800235210298665,0.0009878628765441618,0.0,0.0,0.995762051735864
2022-07-13,1,0.0008385388720961064,0.001032735837319521,0.0,0.0,0.9957208168834866
2022-07-15,1,0.0018112836990881514,0.002241176161767224,0.0,0.0,0.9946407109429872
2022-07-19,1,0.0013190707720902152,0.0016213859057857018,0.0,0.0,0.9951910733198555
2022-07-21,1,0.0013971383851600187,0.0017128522339836358,0.0,0.0,0.9984474189466838
2022-07-25,1,0.0007792224944717308,0.0009380875414604147,0.0,0.0,0.998760990451785
2022-07-27,1,0.0007976918990490644,0.0009597102384084792,0.0,0.0,0.9987409944450897
2022-07-29,1,0.0008168641501337373,0.0009821790756525074,0.0,0.0,0.9987202267261353
2022-08-02,1,0.0008360364012184114,0.0010046479128965374,0.0,0.0,0.9986994598708464
2022-08-04,1,0.0008557233731290277,0.0010277349365685785,0.0,0.0,0.9986781289217903
2022-08-08,1,6.284082562362349e-05,7.585095373144804e-05,0.0,0.0,0.9995489660544107
2022-08-10,1,0.0004967351504368462,0.0005873833807287759,0.0,0.0,0.9990769020522182
2022-08-12,-1,-0.0002067984876608635,-0.00013780087057307727,0.0,0.0,0.99947021928755
2022-08-16,-1,-0.0011022228618562781,-0.000859348691626967,0.0,0.0,0.9937983886245525
2022-08-18,-1,-0.0011612685058241447,-0.0009099740004735942,0.0,0.0,0.9937504808522334
2022-08-22,1,0.00023362612205328606,0.0003754652007598879,0.0,0.0,0.9947676146737893
2022-08-24,1,8.906823337136173e-05,9.041919769279873e-05,0.0,0.0,0.9949450481141244
2022-08-26,1,7.645890101606222e-05,7.721371985414506e-05,0.0,0.0,0.9949564887503632
2022-08-30,1,6.377643530195105e-05,6.639200200542471e-05,0.0,0.0,0.9949671435294356
2022-09-01,1,5.1093969587840145e-05,5.557028415670459e-05,0.0,0.0,0.99497779853671
2022-09-06,1,3.8469294501422124e-05,4.4815891131917603e-05,0.0,0.0,0.9943285615567841
2022-09-08,1,2.5574199414423836e-05,3.372267484767298e-05,0.0,0.0,0.9941932373841239
2022-09-12,1,1.2968057465894648e-05,2.2966082683097863e-05,0.0,0.0,0.9942038117990046
2022-09-14,-1,-0.0007405487612182234,-0.0006458658538012738,0.0,0.0,0.9925853611995435
2022-09-16,-1,-0.0007828484756007264,-0.0006722554130336457,0.0,0.0,0.99257033912718
2022-09-20,-1,-0.0007807995636619363,-0.0006705206426499575,0.0,0.0,0.9925713531790961
2022-09-22,-1,-0.0007762673893104556,-0.0006666534205199294,0.0,0.0,0.9925736150360884
2022-09-26,-1,-0.000659704879540478,-0.0005686667245952459,0.0,0.0,0.9926308661287917
2022-09-28,1,3.0235823582358427e-05,3.5434743474347665e-05,0.0,0.0,0.992931489094035
2022-09-30,1,3.994974497449798e-05,4.6818931893189986e-05,0.0,0.0,0.9929210887532157
2022-10-04,1,0.0006176700231315705,0.0006931108000394961,0.0,0.0,0.992975254040971
2022-10-06,1,0.00047520022292899525,0.000531891555659928,0.0,0.0,0.9932708564013556
2022-10-10,1,0.0007433697081201316,0.0008652028075589696,0.0,0.0,0.992974238469838
2022-10-12,-1,-0.001533809258231211,-0.0013763557585705164,0.0,0.0,0.9985470316803864
2022-10-14,-1,-0.0014622187437780948,-0.00131526887172056,0.0,0.0,0.9986131821269842
2022-10-18,-1,-0.0013895725884272927,-0.001253229916299769,0.0,0.0,0.9937183078442965
2022-10-20,-1,-0.0009461873630934337,-0.0008558434221848279,0.0,0.0,0.9941336023104265
2022-10-24,-1,-0.0008948346363343049,-0.0008120250723247217,0.0,0.0,0.994180633399861
2022-10-26,-1,-0.0008440770854438034,-0.0007687487850516339,0.0,0.0,0.9893954235709792
2022-10-28,-1,-0.0007144351860689836,-0.0006533382796441035,0.0,0.0,0.9895019891057499
2022-11-01,-1,-0.000668119562063369,-0.0006138179981566873,0.0,0.0,0.986711816123999
2022-11-03,-1,-0.000577533350558406,-0.0005334092496961026,0.0,0.0,0.9867765352070507
2022-11-07,-1,-0.0005345154525646326,-0.000496702857971686,0.0,0.0,0.9868064235728472
2022-11-09,-1,-0.00049149755457086,-0.0004599964662472699,0.0,0.0,0.9868363137492695
