日期,买卖信号,Q25预测,Q75预测,Q25真实,Q75真实
2020-03-02,1,67.72535,70.48965,67.72535,70.48965
2020-03-03,1,65.14305,67.801956,65.14305,67.801956
2020-03-04,1,69.704956,72.55005,69.704956,72.55005
2020-03-05,1,66.956055,69.68895,66.956055,69.68895
2020-03-06,1,65.1798,67.8402,65.1798,67.8402
2020-03-09,1,60.1328,62.5872,60.1328,62.5872
2020-03-10,1,63.9646,66.57539,63.9646,66.57539
2020-03-11,1,60.38515,62.84985,60.38515,62.84985
2020-03-12,1,52.99595,55.15905,52.99595,55.15905
2020-03-13,1,59.005802,61.414196,59.005802,61.414196
2020-03-16,1,48.118,50.081997,48.118,50.081997
2020-03-17,1,53.23115,55.40385,53.23115,55.40385
2020-03-18,1,49.690903,51.7191,49.690903,51.7191
2020-03-19,1,52.17765,54.30735,52.17765,54.30735
2020-03-20,1,50.408752,52.466248,50.408752,52.466248
2020-03-23,1,52.10905,54.23595,52.10905,54.23595
2020-03-24,1,61.0491,63.540897,61.0491,63.540897
2020-03-25,1,60.1769,62.6331,60.1769,62.6331
2020-03-26,1,63.0238,65.5962,63.0238,65.5962
2020-03-27,1,61.91885,64.446144,61.91885,64.446144
2020-03-30,1,65.06955,67.72545,65.06955,67.72545
2020-03-31,0,64.582,67.218,64.582,67.218
2020-04-01,0,59.552155,61.98285,59.552155,61.98285
2020-04-02,0,62.590153,65.14485,62.590153,65.14485
2020-04-03,1,59.757954,62.19705,59.757954,62.19705
2020-04-06,1,65.758,68.44199,65.758,68.44199
2020-04-07,1,63.462353,66.05265,63.462353,66.05265
2020-04-08,1,65.402756,68.07225,65.402756,68.07225
2020-04-09,1,64.42275,67.05225,64.42275,67.05225
2020-04-13,1,66.11325,68.81175,66.11325,68.81175
2020-04-14,1,69.56776,72.40725,69.56776,72.40725
2020-04-15,1,68.8058,71.6142,68.8058,71.6142
2020-04-16,1,72.20151,75.1485,72.20151,75.1485
2020-04-17,1,71.6184,74.5416,71.6184,74.5416
2020-04-20,1,70.32725,73.19775,70.32725,73.19775
2020-04-21,1,66.02995,68.72505,66.02995,68.72505
2020-04-22,1,70.10675,72.96825,70.10675,72.96825
2020-04-23,1,69.58245,72.422554,69.58245,72.422554
2020-04-24,1,70.94955,73.84545,70.94955,73.84545
2020-04-27,1,72.7846,75.755394,72.7846,75.755394
2020-04-28,1,71.3832,74.29679,71.3832,74.29679
2020-04-29,1,73.122696,76.1073,73.122696,76.1073
2020-04-30,1,71.608604,74.531395,71.608604,74.531395
2020-05-01,1,69.2811,72.1089,69.2811,72.1089
2020-05-04,1,71.36605,74.27895,71.36605,74.27895
2020-05-05,1,71.9663,74.903694,71.9663,74.903694
2020-05-06,1,72.95856,75.93645,72.95856,75.93645
2020-05-07,1,74.69315,77.741844,74.69315,77.741844
2020-05-08,1,76.5625,79.6875,76.5625,79.6875
2020-05-11,1,79.0419,82.2681,79.0419,82.2681
2020-05-12,1,76.4645,79.5855,76.4645,79.5855
2020-05-13,1,76.244,79.356,76.244,79.356
2020-05-14,1,78.6989,81.9111,78.6989,81.9111
2020-05-15,1,83.20935,86.60565,83.20935,86.60565
2020-05-18,1,85.75246,89.25255,85.75246,89.25255
2020-05-19,1,86.2939,89.8161,86.2939,89.8161
2020-05-20,1,87.906,91.493996,87.906,91.493996
2020-05-21,1,85.99745,89.50755,85.99745,89.50755
2020-05-22,1,88.45725,92.06774,88.45725,92.06774
2020-05-26,1,85.43395,88.92104,85.43395,88.92104
2020-05-27,1,83.547455,86.95755,83.547455,86.95755
2020-05-28,1,83.17261,86.5674,83.17261,86.5674
2020-05-29,1,86.9799,90.5301,86.9799,90.5301
2020-06-01,1,86.301254,89.823746,86.301254,89.823746
2020-06-02,1,86.48746,90.01755,86.48746,90.01755
2020-06-03,1,85.9411,89.4489,85.9411,89.4489
2020-06-04,1,85.911705,89.4183,85.911705,89.4183
2020-06-05,0,87.416,90.98399,87.416,90.98399
2020-06-08,0,86.289,89.811005,86.289,89.811005
2020-06-09,0,88.6508,92.269196,88.6508,92.269196
2020-06-10,1,91.79415,95.540855,91.79415,95.540855
2020-06-11,0,86.203255,89.72175,86.203255,89.72175
2020-06-12,1,87.5385,91.111496,87.5385,91.111496
2020-06-15,0,89.902756,93.57225,89.902756,93.57225
2020-06-16,0,88.8713,92.498695,88.8713,92.498695
2020-06-17,0,90.5128,94.2072,90.5128,94.2072
2020-06-18,0,90.3364,94.0236,90.3364,94.0236
2020-06-19,0,90.760254,94.46475,90.760254,94.46475
2020-06-22,0,93.36215,97.17285,93.36215,97.17285
2020-06-23,0,92.61,96.39,92.61,96.39
2020-06-24,0,90.507904,94.2021,90.507904,94.2021
2020-06-25,0,93.00201,96.798,93.00201,96.798
2020-06-26,0,89.719,93.381004,89.719,93.381004
2020-06-29,0,90.16,93.84,90.16,93.84
2020-06-30,1,93.07795,96.87705,93.07795,96.87705
2020-07-01,0,93.394005,97.206,93.394005,97.206
2020-07-02,1,94.20005,98.044945,94.20005,98.044945
2020-07-06,0,96.42465,100.36035,96.42465,100.36035
2020-07-07,1,96.74315,100.69185,96.74315,100.69185
2020-07-08,0,100.116806,104.2032,100.116806,104.2032
2020-07-09,0,102.9882,107.191795,102.9882,107.191795
2020-07-10,0,102.696655,106.88835,102.696655,106.88835
2020-07-13,0,98.512054,102.53294,98.512054,102.53294
2020-07-14,0,101.694595,105.8454,101.694595,105.8454
2020-07-15,0,100.22705,104.31795,100.22705,104.31795
2020-07-16,0,99.32056,103.37445,99.32056,103.37445
2020-07-17,0,99.9747,104.0553,99.9747,104.0553
2020-07-20,0,103.00535,107.20965,103.00535,107.20965
2020-07-21,0,101.21931,105.3507,101.21931,105.3507
2020-07-22,0,102.29975,106.47524,102.29975,106.47524
2020-07-23,0,99.27155,103.32345,99.27155,103.32345
2020-07-24,0,99.906105,103.983894,99.906105,103.983894
2020-07-27,0,102.1307,106.29929,102.1307,106.29929
2020-07-28,0,100.1119,104.1981,100.1119,104.1981
2020-07-29,0,102.5619,106.7481,102.5619,106.7481
2020-07-30,0,104.017204,108.262794,104.017204,108.262794
2020-07-31,0,104.02455,108.27045,104.02455,108.27045
2020-08-03,0,107.90045,112.30455,107.90045,112.30455
2020-08-04,0,110.03195,114.52304,110.03195,114.52304
2020-08-05,0,110.61015,115.12485,110.61015,115.12485
2020-08-06,0,111.087906,115.6221,111.087906,115.6221
2020-08-07,0,109.755104,114.2349,109.755104,114.2349
2020-08-10,0,109.417,113.883,109.417,113.883
2020-08-11,0,106.33,110.67,106.33,110.67
2020-08-12,0,112.11445,116.690544,112.11445,116.690544
2020-08-13,0,112.1414,116.7186,112.1414,116.7186
2020-08-14,0,113.3272,117.9528,113.3272,117.9528
2020-08-17,0,120.9026,125.8374,120.9026,125.8374
2020-08-18,0,120.15535,125.05965,120.15535,125.05965
2020-08-19,0,118.957306,123.8127,118.957306,123.8127
2020-08-20,0,118.981804,123.8382,118.981804,123.8382
2020-08-21,0,124.2983,129.3717,124.2983,129.3717
2020-08-24,0,124.658455,129.74655,124.658455,129.74655
2020-08-25,0,124.950005,130.05,124.950005,130.05
2020-08-26,0,125.17541,130.2846,125.17541,130.2846
2020-08-27,0,123.75685,128.80815,123.75685,128.80815
2020-08-28,0,128.84795,134.10704,128.84795,134.10704
2020-08-31,0,131.0701,136.41989,131.0701,136.41989
2020-09-01,0,135.44582,140.9742,135.44582,140.9742
2020-09-02,0,140.5957,146.33429,140.5957,146.33429
2020-09-03,0,127.5519,132.7581,127.5519,132.7581
2020-09-04,0,123.7005,128.7495,123.7005,128.7495
2020-09-08,0,116.7474,121.512596,116.7474,121.512596
2020-09-09,0,124.607,129.693,124.607,129.693
2020-09-10,0,120.65515,125.57985,120.65515,125.57985
2020-09-11,0,119.2121,124.077896,119.2121,124.077896
2020-09-14,0,126.148056,131.29695,126.148056,131.29695
2020-09-15,1,127.311806,132.5082,127.311806,132.5082
2020-09-16,0,122.6421,127.647896,122.6421,127.647896
2020-09-17,0,122.1423,127.1277,122.1423,127.1277
2020-09-18,1,119.45465,124.33035,119.45465,124.33035
2020-09-21,0,122.66905,127.67595,122.66905,127.67595
2020-09-22,0,123.84995,128.90504,123.84995,128.90504
2020-09-23,1,118.81275,123.662254,118.81275,123.662254
2020-09-24,0,121.01041,125.9496,121.01041,125.9496
2020-09-25,0,126.16276,131.31226,126.16276,131.31226
2020-09-28,0,127.74301,132.957,127.74301,132.957
2020-09-29,1,129.61237,134.90265,129.61237,134.90265
2020-09-30,1,132.59889,138.0111,132.59889,138.0111
2020-10-01,0,133.4221,138.8679,133.4221,138.8679
2020-10-02,0,128.01006,133.23494,128.01006,133.23494
2020-10-05,0,133.6965,139.1535,133.6965,139.1535
2020-10-06,1,134.6177,140.1123,134.6177,140.1123
2020-10-07,0,136.8472,142.4328,136.8472,142.4328
2020-10-08,0,135.61975,141.15524,135.61975,141.15524
2020-10-09,0,134.87495,140.38005,134.87495,140.38005
2020-10-12,0,139.4148,145.1052,139.4148,145.1052
2020-10-13,1,139.63286,145.33214,139.63286,145.33214
2020-10-14,1,138.13345,143.77155,138.13345,143.77155
2020-10-15,0,136.906,142.49399,136.906,142.49399
2020-10-16,0,135.3527,140.8773,135.3527,140.8773
2020-10-19,1,132.27794,137.67705,132.27794,137.67705
2020-10-20,0,133.7259,139.1841,133.7259,139.1841
2020-10-21,0,132.54256,137.95244,132.54256,137.95244
2020-10-22,0,130.9378,136.2822,130.9378,136.2822
2020-10-23,0,133.18445,138.62054,133.18445,138.62054
2020-10-26,0,128.78426,134.04076,128.78426,134.04076
2020-10-27,0,131.28815,136.64685,131.28815,136.64685
2020-10-28,0,123.7446,128.7954,123.7446,128.7954
2020-10-29,0,127.63521,132.8448,127.63521,132.8448
2020-10-30,0,122.8332,127.846794,122.8332,127.846794
2020-11-02,0,123.29135,128.32365,123.29135,128.32365
2020-11-03,0,127.59111,132.7989,127.59111,132.7989
2020-11-04,0,135.18365,140.70135,135.18365,140.70135
2020-11-05,0,138.768,144.432,138.768,144.432
2020-11-06,0,142.7076,148.5324,142.7076,148.5324
2020-11-09,0,133.58134,139.03365,133.58134,139.03365
2020-11-10,0,125.145996,130.254,125.145996,130.254
2020-11-11,0,131.4964,136.86359,131.4964,136.86359
2020-11-12,0,131.87616,137.25885,131.87616,137.25885
2020-11-13,1,130.31061,135.6294,130.31061,135.6294
2020-11-16,0,132.44945,137.85555,132.44945,137.85555
2020-11-17,0,131.53806,136.90695,131.53806,136.90695
2020-11-18,1,131.60176,136.97325,131.60176,136.97325
2020-11-19,0,131.71445,137.09055,131.71445,137.09055
2020-11-20,0,128.25995,133.49506,128.25995,133.49506
2020-11-23,0,128.772,134.02798,128.772,134.02798
2020-11-24,0,126.985954,132.16905,126.985954,132.16905
2020-11-25,0,129.70056,134.99445,129.70056,134.99445
2020-11-27,0,129.96025,135.26476,129.96025,135.26476
2020-11-30,0,131.3347,136.6953,131.3347,136.6953
2020-12-01,0,131.222,136.57799,131.222,136.57799
2020-12-02,1,132.73611,138.1539,132.73611,138.1539
2020-12-03,1,131.2808,136.6392,131.2808,136.6392
2020-12-04,0,132.87085,138.29416,132.87085,138.29416
2020-12-07,1,133.34616,138.78885,133.34616,138.78885
2020-12-08,0,130.83,136.17,130.83,136.17
2020-12-09,0,126.721344,131.89365,126.721344,131.89365
2020-12-10,0,127.12806,132.31696,127.12806,132.31696
2020-12-11,0,127.52986,132.73515,127.52986,132.73515
2020-12-14,0,130.42575,135.74924,130.42575,135.74924
2020-12-15,0,130.93289,136.2771,130.93289,136.2771
2020-12-16,0,129.7765,135.0735,129.7765,135.0735
2020-12-17,0,130.74426,136.08075,130.74426,136.08075
2020-12-18,0,130.0656,135.3744,130.0656,135.3744
2020-12-21,0,130.65605,135.98894,130.65605,135.98894
2020-12-22,0,130.12685,135.43816,130.12685,135.43816
2020-12-23,0,127.490654,132.69435,127.490654,132.69435
2020-12-24,0,127.33875,132.53625,127.33875,132.53625
2020-12-28,0,126.420006,131.58,126.420006,131.58
2020-12-29,0,126.84385,132.02115,126.84385,132.02115
2020-12-30,0,128.82835,134.08665,128.82835,134.08665
2020-12-31,0,127.939,133.161,127.939,133.161
2021-01-04,0,128.5123,133.75769,128.5123,133.75769
2021-01-05,0,131.36655,136.72845,131.36655,136.72845
2021-01-06,0,123.6221,128.6679,123.6221,128.6679
2021-01-07,0,130.77121,136.1088,130.77121,136.1088
2021-01-08,0,130.11215,135.42285,130.11215,135.42285
2021-01-11,0,133.49069,138.9393,133.49069,138.9393
2021-01-12,0,132.15056,137.54445,132.15056,137.54445
2021-01-13,0,132.61116,138.02385,132.61116,138.02385
2021-01-14,0,129.36246,134.64255,129.36246,134.64255
2021-01-15,0,126.0231,131.1669,126.0231,131.1669
2021-01-19,0,127.64745,132.85754,127.64745,132.85754
2021-01-20,0,130.98436,136.33064,130.98436,136.33064
2021-01-21,0,135.9015,141.4485,135.9015,141.4485
2021-01-22,0,134.3825,139.8675,134.3825,139.8675
2021-01-25,0,133.80185,139.26315,133.80185,139.26315
2021-01-26,0,131.66545,137.03954,131.66545,137.03954
2021-01-27,0,126.593956,131.76105,126.593956,131.76105
2021-01-28,0,127.899796,133.1202,127.899796,133.1202
2021-01-29,1,127.29956,132.49545,127.29956,132.49545
2021-02-01,0,129.7226,135.0174,129.7226,135.0174
2021-02-02,0,132.85616,138.27885,132.85616,138.27885
2021-02-03,0,132.59889,138.0111,132.59889,138.0111
2021-02-04,0,133.90965,139.37535,133.90965,139.37535
2021-02-05,0,133.1918,138.6282,133.1918,138.6282
2021-02-08,0,141.49976,147.27524,141.49976,147.27524
2021-02-09,0,139.77986,145.48515,139.77986,145.48515
2021-02-10,0,144.68965,150.59535,144.68965,150.59535
2021-02-11,0,149.45737,155.55765,149.45737,155.55765
2021-02-12,0,146.62025,152.60475,146.62025,152.60475
2021-02-16,0,150.23647,156.36855,150.23647,156.36855
2021-02-17,0,146.0788,152.0412,146.0788,152.0412
2021-02-18,0,145.3242,151.25578,145.3242,151.25578
2021-02-19,0,146.27971,152.25029,146.27971,152.25029
2021-02-22,0,140.68634,146.42865,140.68634,146.42865
2021-02-23,0,138.5916,144.2484,138.5916,144.2484
2021-02-24,1,142.09021,147.8898,142.09021,147.8898
2021-02-25,0,130.4135,135.7365,130.4135,135.7365
2021-02-26,0,134.4021,139.88791,134.4021,139.88791
2021-03-01,0,135.64915,141.18584,135.64915,141.18584
2021-03-02,0,131.38126,136.74374,131.38126,136.74374
2021-03-03,0,125.48655,130.60844,125.48655,130.60844
2021-03-04,0,121.228455,126.176544,121.228455,126.176544
2021-03-05,0,122.1227,127.10729,122.1227,127.10729
2021-03-08,0,113.61385,118.25115,113.61385,118.25115
2021-03-09,1,122.69845,127.70655,122.69845,127.70655
2021-03-10,0,122.18886,127.17615,122.18886,127.17615
2021-03-11,0,127.3363,132.53369,127.3363,132.53369
2021-03-12,0,125.9888,131.1312,125.9888,131.1312
2021-03-15,1,129.27426,134.55075,129.27426,134.55075
2021-03-16,0,130.25426,135.57076,130.25426,135.57076
2021-03-17,0,130.74426,136.08075,130.74426,136.08075
2021-03-18,0,124.680504,129.7695,124.680504,129.7695
2021-03-19,0,125.88836,131.02666,125.88836,131.02666
2021-03-22,0,129.22525,134.49976,129.22525,134.49976
2021-03-23,0,128.09335,133.32166,128.09335,133.32166
2021-03-24,0,123.901405,128.9586,123.901405,128.9586
2021-03-25,0,122.84545,127.85955,122.84545,127.85955
2021-03-26,0,125.82465,130.96034,125.82465,130.96034
2021-03-29,0,126.89285,132.07214,126.89285,132.07214
2021-03-30,0,126.14315,131.29184,126.14315,131.29184
2021-03-31,0,130.81285,136.15215,130.81285,136.15215
2021-04-01,0,135.35515,140.87984,135.35515,140.87984
2021-04-05,0,137.0775,142.6725,137.0775,142.6725
2021-04-06,0,135.84271,141.3873,135.84271,141.3873
2021-04-07,1,138.6063,144.2637,138.6063,144.2637
2021-04-08,0,140.3066,146.0334,140.3066,146.0334
2021-04-09,0,141.12,146.88,141.12,146.88
2021-04-12,0,149.0482,155.13179,149.0482,155.13179
2021-04-13,0,153.6591,159.9309,153.6591,159.9309
2021-04-14,1,149.7146,155.82541,149.7146,155.82541
2021-04-15,0,158.14505,164.59995,158.14505,164.59995
2021-04-16,0,155.9425,162.3075,155.9425,162.3075
2021-04-19,0,150.54515,156.68983,150.54515,156.68983
2021-04-20,0,148.67825,154.74673,148.67825,154.74673
2021-04-21,1,150.5329,156.6771,150.5329,156.6771
2021-04-22,0,145.53246,151.47255,145.53246,151.47255
2021-04-23,0,149.59946,155.70554,149.59946,155.70554
2021-04-26,1,151.6844,157.8756,151.6844,157.8756
2021-04-27,0,150.74117,156.89384,150.74117,156.89384
2021-04-28,0,149.71216,155.82285,149.71216,155.82285
2021-04-29,0,150.18256,156.31244,150.18256,156.31244
2021-04-30,0,147.09311,153.0969,147.09311,153.0969
2021-05-03,1,145.40015,151.33484,145.40015,151.33484
2021-05-04,0,140.64224,146.38275,140.64224,146.38275
2021-05-05,0,141.69331,147.4767,141.69331,147.4767
2021-05-06,0,142.3254,148.1346,142.3254,148.1346
2021-05-07,0,145.16005,151.08495,145.16005,151.08495
2021-05-10,0,139.80435,145.51065,139.80435,145.51065
2021-05-11,1,140.20125,145.92375,140.20125,145.92375
2021-05-12,0,134.83331,140.3367,134.83331,140.3367
2021-05-13,0,133.91945,139.38554,133.91945,139.38554
2021-05-14,0,139.58139,145.2786,139.58139,145.2786
2021-05-17,1,138.8219,144.4881,138.8219,144.4881
2021-05-18,0,137.35435,142.96065,137.35435,142.96065
2021-05-19,0,137.84436,143.47064,137.84436,143.47064
2021-05-20,0,143.2025,149.0475,143.2025,149.0475
2021-05-21,0,146.91914,152.91585,146.91914,152.91585
2021-05-24,0,152.9976,159.24239,152.9976,159.24239
2021-05-25,0,153.34795,159.60704,153.34795,159.60704
2021-05-26,0,153.86,160.14,153.86,160.14
2021-05-27,0,151.78241,157.9776,151.78241,157.9776
2021-05-28,0,159.1961,165.69391,159.1961,165.69391
2021-06-01,0,159.3921,165.8979,159.3921,165.8979
2021-06-02,0,164.42685,171.13815,164.42685,171.13815
2021-06-03,1,166.30354,173.09145,166.30354,173.09145
2021-06-04,1,172.26686,179.29814,172.26686,179.29814
2021-06-07,0,172.6662,179.7138,172.6662,179.7138
2021-06-08,0,171.07861,178.0614,171.07861,178.0614
2021-06-09,1,170.11086,177.05415,170.11086,177.05415
2021-06-10,1,170.765,177.735,170.765,177.735
2021-06-11,0,174.68745,181.81755,174.68745,181.81755
2021-06-14,0,176.58376,183.79124,176.58376,183.79124
2021-06-15,0,174.3273,181.44269,174.3273,181.44269
2021-06-16,0,174.54045,181.66454,174.54045,181.66454
2021-06-17,0,182.84105,190.30394,182.84105,190.30394
2021-06-18,0,182.65974,190.11525,182.65974,190.11525
2021-06-21,0,180.58707,187.95795,180.58707,187.95795
2021-06-22,0,185.09015,192.64484,185.09015,192.64484
2021-06-23,0,186.76105,194.38394,186.76105,194.38394
2021-06-24,0,188.2139,195.89609,188.2139,195.89609
2021-06-25,0,186.5038,194.1162,186.5038,194.1162
2021-06-28,0,195.85301,203.847,195.85301,203.847
2021-06-29,0,196.26216,204.27284,196.26216,204.27284
2021-06-30,0,196.02449,204.0255,196.02449,204.0255
2021-07-01,0,198.0776,206.16238,198.0776,206.16238
2021-07-02,0,200.7726,208.96739,200.7726,208.96739
2021-07-06,0,202.8453,211.1247,202.8453,211.1247
2021-07-07,0,199.64316,207.79184,199.64316,207.79184
2021-07-08,0,195.04695,203.00804,195.04695,203.00804
2021-07-09,0,196.49246,204.51254,196.49246,204.51254
2021-07-12,0,201.0225,209.2275,201.0225,209.2275
2021-07-13,0,198.45,206.55,198.45,206.55
2021-07-14,1,194.4467,202.38329,194.4467,202.38329
2021-07-15,0,185.86926,193.45575,185.86926,193.45575
2021-07-16,0,177.9778,185.2422,177.9778,185.2422
2021-07-19,0,184.04155,191.55345,184.04155,191.55345
2021-07-20,0,182.3976,189.84239,182.3976,189.84239
2021-07-21,1,190.218,197.98201,190.218,197.98201
2021-07-22,0,192.02121,199.8588,192.02121,199.8588
2021-07-23,0,191.66841,199.4916,191.66841,199.4916
2021-07-26,0,189.0812,196.7988,189.0812,196.7988
2021-07-27,0,188.2384,195.9216,188.2384,195.9216
2021-07-28,0,191.12941,198.93059,191.12941,198.93059
2021-07-29,0,192.68759,200.5524,192.68759,200.5524
2021-07-30,1,191.09021,198.8898,191.09021,198.8898
2021-08-02,0,193.55,201.45,193.55,201.45
2021-08-03,0,194.187,202.11299,194.187,202.11299
2021-08-04,0,198.68521,206.7948,198.68521,206.7948
2021-08-05,0,202.2426,210.49739,202.2426,210.49739
2021-08-06,0,199.5868,207.7332,199.5868,207.7332
2021-08-09,1,198.891,207.00899,198.891,207.00899
2021-08-10,0,195.3728,203.3472,195.3728,203.3472
2021-08-11,0,193.05022,200.9298,193.05022,200.9298
2021-08-12,0,195.069,203.031,195.069,203.031
2021-08-13,0,197.8424,205.9176,197.8424,205.9176
2021-08-16,0,195.51001,203.48999,195.51001,203.48999
2021-08-17,0,190.6884,198.4716,190.6884,198.4716
2021-08-18,0,186.592,194.208,186.592,194.208
2021-08-19,0,194.0204,201.93959,194.0204,201.93959
2021-08-20,0,203.99681,212.3232,203.99681,212.3232
2021-08-23,0,215.1884,223.9716,215.1884,223.9716
2021-08-24,0,213.5714,222.28859,213.5714,222.28859
2021-08-25,0,217.68741,226.5726,217.68741,226.5726
2021-08-26,0,216.2664,225.09358,216.2664,225.09358
2021-08-27,0,221.83281,230.88719,221.83281,230.88719
2021-08-30,0,222.3424,231.4176,222.3424,231.4176
2021-08-31,0,219.37302,228.327,219.37302,228.327
2021-09-01,0,219.92181,228.8982,219.92181,228.8982
2021-09-02,0,219.4808,228.43921,219.4808,228.43921
2021-09-03,0,223.8614,232.99858,223.8614,232.99858
2021-09-07,0,222.0876,231.15239,222.0876,231.15239
2021-09-08,0,218.92221,227.85779,218.92221,227.85779
2021-09-09,0,217.33461,226.2054,217.33461,226.2054
2021-09-10,0,220.28441,229.27559,220.28441,229.27559
2021-09-13,0,217.08961,225.9504,217.08961,225.9504
2021-09-14,0,217.9716,226.8684,217.9716,226.8684
2021-09-15,0,218.9418,227.8782,218.9418,227.8782
2021-09-16,0,217.9716,226.8684,217.9716,226.8684
2021-09-17,0,214.62001,223.37999,214.62001,223.37999
2021-09-20,0,206.90741,215.3526,206.90741,215.3526
2021-09-21,0,208.21082,216.7092,208.21082,216.7092
2021-09-22,0,215.0218,223.7982,215.0218,223.7982
2021-09-23,0,220.32361,229.3164,220.32361,229.3164
2021-09-24,0,216.3938,225.2262,216.3938,225.2262
2021-09-27,1,212.268,220.932,212.268,220.932
2021-09-28,0,202.8502,211.1298,202.8502,211.1298
2021-09-29,0,201.0666,209.27339,201.0666,209.27339
2021-09-30,0,203.0168,211.3032,203.0168,211.3032
2021-10-01,0,203.2716,211.56839,203.2716,211.56839
2021-10-04,0,193.37361,201.2664,193.37361,201.2664
2021-10-05,0,200.4198,208.60019,200.4198,208.60019
2021-10-06,0,202.86,211.14,202.86,211.14
2021-10-07,0,206.535,214.965,206.535,214.965
2021-10-08,0,204.1438,212.4762,204.1438,212.4762
2021-10-11,0,202.811,211.08899,202.811,211.08899
2021-10-12,0,202.5758,210.84421,202.5758,210.84421
2021-10-13,1,205.20221,213.57779,205.20221,213.57779
2021-10-14,0,213.11081,221.8092,213.11081,221.8092
2021-10-15,0,214.2476,222.99239,214.2476,222.99239
2021-10-18,0,217.7756,226.6644,217.7756,226.6644
2021-10-19,0,218.442,227.35799,218.442,227.35799
2021-10-20,0,216.6094,225.45059,216.6094,225.45059
2021-10-21,0,222.3816,231.45839,222.3816,231.45839
2021-10-22,0,222.7148,231.80519,222.7148,231.80519
2021-10-25,0,227.02681,236.2932,227.02681,236.2932
2021-10-26,0,242.22661,252.11339,242.22661,252.11339
2021-10-27,0,239.6198,249.40019,239.6198,249.40019
2021-10-28,0,244.42181,254.3982,244.42181,254.3982
2021-10-29,0,250.55661,260.7834,250.55661,260.7834
2021-11-01,0,253.1046,263.4354,253.1046,263.4354
2021-11-02,0,258.72983,269.2902,258.72983,269.2902
2021-11-03,0,260.66043,271.2996,260.66043,271.2996
2021-11-04,0,292.0498,303.9702,292.0498,303.9702
2021-11-05,0,291.56958,303.4704,291.56958,303.4704
2021-11-08,0,301.8792,314.2008,301.8792,314.2008
2021-11-09,1,300.4386,312.70142,300.4386,312.70142
2021-11-10,0,288.6982,300.48178,288.6982,300.48178
2021-11-11,0,297.822,309.978,297.822,309.978
2021-11-12,0,297.822,309.978,297.822,309.978
2021-11-15,0,294.245,306.255,294.245,306.255
2021-11-16,0,295.9894,308.0706,295.9894,308.0706
2021-11-17,0,286.75778,298.4622,286.75778,298.4622
2021-11-18,0,310.415,323.085,310.415,323.085
2021-11-19,0,323.25302,336.447,323.25302,336.447
2021-11-22,0,313.1688,325.9512,313.1688,325.9512
2021-11-23,0,311.1108,323.80917,311.1108,323.80917
2021-11-24,0,320.2052,333.27478,320.2052,333.27478
2021-11-26,0,308.7294,321.3306,308.7294,321.3306
2021-11-29,1,327.0848,340.4352,327.0848,340.4352
2021-11-30,0,320.22482,333.2952,320.22482,333.2952
2021-12-01,0,308.06302,320.637,308.06302,320.637
2021-12-02,0,314.8348,327.6852,314.8348,327.6852
2021-12-03,0,300.7914,313.06857,300.7914,313.06857
2021-12-06,0,294.3626,306.37738,294.3626,306.37738
2021-12-07,0,317.7846,330.75537,317.7846,330.75537
2021-12-08,0,311.8948,324.6252,311.8948,324.6252
2021-12-09,0,298.802,310.998,298.802,310.998
2021-12-10,0,295.94043,308.0196,295.94043,308.0196
2021-12-13,0,275.97778,287.2422,275.97778,287.2422
2021-12-14,0,277.7026,289.03738,277.7026,289.03738
2021-12-15,0,298.4982,310.6818,298.4982,310.6818
2021-12-16,0,278.1926,289.5474,278.1926,289.5474
2021-12-17,0,272.44983,283.5702,272.44983,283.5702
2021-12-20,0,271.6462,282.7338,271.6462,282.7338
2021-12-21,0,284.935,296.565,284.935,296.565
2021-12-22,0,288.12,299.88,288.12,299.88
2021-12-23,0,290.472,302.328,290.472,302.328
2021-12-27,0,303.26102,315.639,303.26102,315.639
2021-12-28,0,297.1556,309.2844,297.1556,309.2844
2021-12-29,0,294.00983,306.0102,294.00983,306.0102
2021-12-30,0,289.94278,301.7772,289.94278,301.7772
2021-12-31,0,288.22778,299.9922,288.22778,299.9922
2022-01-03,0,295.1858,307.2342,295.1858,307.2342
2022-01-04,0,287.042,298.758,287.042,298.758
2022-01-05,0,270.51923,281.5608,270.51923,281.5608
2022-01-06,1,276.1444,287.4156,276.1444,287.4156
2022-01-07,0,267.0206,277.9194,267.0206,277.9194
2022-01-10,0,268.52002,279.47998,268.52002,279.47998
2022-01-11,0,272.60663,283.7334,272.60663,283.7334
2022-01-12,0,274.3902,285.58978,274.3902,285.58978
2022-01-13,0,260.435,271.065,260.435,271.065
2022-01-14,0,264.03162,274.8084,264.03162,274.8084
2022-01-18,0,253.84941,264.2106,253.84941,264.2106
2022-01-19,0,245.6566,255.6834,245.6566,255.6834
2022-01-20,1,236.67,246.33,236.67,246.33
2022-01-21,1,229.06522,238.4148,229.06522,238.4148
2022-01-24,0,229.04561,238.3944,229.04561,238.3944
2022-01-25,0,218.7752,227.7048,218.7752,227.7048
2022-01-26,0,223.1656,232.2744,223.1656,232.2744
2022-01-27,0,215.05121,223.8288,215.05121,223.8288
2022-01-28,0,223.832,232.96799,223.832,232.96799
2022-01-31,0,239.9628,249.7572,239.9628,249.7572
2022-02-01,0,241.45241,251.3076,241.45241,251.3076
2022-02-02,0,247.3716,257.46838,247.3716,257.46838
2022-02-03,1,234.6904,244.26959,234.6904,244.26959
2022-02-04,0,238.3262,248.0538,238.3262,248.0538
2022-02-07,0,242.3344,252.2256,242.3344,252.2256
2022-02-08,0,246.05841,256.1016,246.05841,256.1016
2022-02-09,0,261.70898,272.391,261.70898,272.391
2022-02-10,0,253.0752,263.4048,253.0752,263.4048
2022-02-11,0,234.70021,244.2798,234.70021,244.2798
2022-02-14,0,237.8166,247.52339,237.8166,247.52339
2022-02-15,0,259.65103,270.249,259.65103,270.249
2022-02-16,0,259.8078,270.41217,259.8078,270.41217
2022-02-17,0,240.16861,249.9714,240.16861,249.9714
2022-02-18,0,231.6916,241.14839,231.6916,241.14839
2022-02-22,0,229.222,238.57799,229.222,238.57799
2022-02-23,0,219.3926,228.3474,219.3926,228.3474
2022-02-24,0,232.73041,242.22958,232.73041,242.22958
2022-02-25,0,236.73862,246.4014,236.73862,246.4014
2022-02-28,0,238.973,248.727,238.973,248.727
2022-03-01,0,230.07462,239.4654,230.07462,239.4654
2022-03-02,0,237.356,247.04399,237.356,247.04399
2022-03-03,0,232.3972,241.8828,232.3972,241.8828
2022-03-04,0,224.77281,233.94719,224.77281,233.94719
2022-03-07,0,209.2496,217.7904,209.2496,217.7904
2022-03-08,0,210.8372,219.4428,210.8372,219.4428
2022-03-09,0,225.5372,234.7428,225.5372,234.7428
2022-03-10,0,222.0484,231.1116,222.0484,231.1116
2022-03-11,0,216.58,225.42,216.58,225.42
2022-03-14,0,209.03401,217.566,209.03401,217.566
2022-03-15,0,225.1354,234.32458,225.1354,234.32458
2022-03-16,0,240.0608,249.8592,240.0608,249.8592
2022-03-17,0,242.7068,252.6132,242.7068,252.6132
2022-03-18,0,259.2394,269.8206,259.2394,269.8206
2022-03-21,1,261.9932,272.6868,261.9932,272.6868
2022-03-22,0,259.93518,270.5448,259.93518,270.5448
2022-03-23,0,251.2132,261.4668,251.2132,261.4668
2022-03-24,0,275.87,287.13,275.87,287.13
2022-03-25,0,271.38162,282.4584,271.38162,282.4584
2022-03-28,0,276.5462,287.8338,276.5462,287.8338
2022-03-29,0,280.8288,292.2912,280.8288,292.2912
2022-03-30,0,271.362,282.438,271.362,282.438
2022-03-31,0,267.4028,278.31717,267.4028,278.31717
2022-04-01,0,261.7776,272.4624,261.7776,272.4624
2022-04-04,0,268.12802,279.072,268.12802,279.072
2022-04-05,0,254.12381,264.4962,254.12381,264.4962
2022-04-06,0,239.18861,248.9514,239.18861,248.9514
2022-04-07,1,237.2384,246.9216,237.2384,246.9216
2022-04-08,0,226.56621,235.8138,226.56621,235.8138
2022-04-11,0,214.7866,223.55339,214.7866,223.55339
2022-04-12,0,210.7392,219.34079,210.7392,219.34079
2022-04-13,0,217.5894,226.4706,217.5894,226.4706
2022-04-14,0,208.3284,216.8316,208.3284,216.8316
2022-04-18,0,213.4734,222.1866,213.4734,222.1866
2022-04-19,0,217.5404,226.41959,217.5404,226.41959
2022-04-20,0,210.5236,219.11641,210.5236,219.11641
2022-04-21,0,197.79341,205.8666,197.79341,205.8666
2022-04-22,1,191.247,199.053,191.247,199.053
2022-04-25,0,195.03961,203.0004,195.03961,203.0004
2022-04-26,0,184.1224,191.6376,184.1224,191.6376
2022-04-27,0,180.467,187.833,180.467,187.833
2022-04-28,0,193.86362,201.7764,193.86362,201.7764
2022-04-29,0,181.7606,189.1794,181.7606,189.1794
2022-05-02,0,191.4234,199.2366,191.4234,199.2366
2022-05-03,0,192.09961,199.9404,192.09961,199.9404
2022-05-04,0,199.2732,207.4068,199.2732,207.4068
2022-05-05,0,184.6712,192.2088,184.6712,192.2088
2022-05-06,0,183.015,190.485,183.015,190.485
2022-05-09,0,166.11,172.89,166.11,172.89
2022-05-10,0,172.431,179.469,172.431,179.469
2022-05-11,0,162.974,169.626,162.974,169.626
2022-05-12,0,158.515,164.985,158.515,164.985
2022-05-13,0,173.5188,180.6012,173.5188,180.6012
2022-05-16,0,169.18721,176.09279,169.18721,176.09279
2022-05-17,0,178.13461,185.4054,178.13461,185.4054
2022-05-18,0,165.9924,172.76761,165.9924,172.76761
2022-05-19,1,167.81522,174.6648,167.81522,174.6648
2022-05-20,0,163.60121,170.2788,163.60121,170.2788
2022-05-23,0,165.6004,172.35959,165.6004,172.35959
2022-05-24,0,158.3092,164.77078,158.3092,164.77078
2022-05-25,0,166.355,173.145,166.355,173.145
2022-05-26,0,174.9398,182.08018,174.9398,182.08018
2022-05-27,0,184.34781,191.8722,184.34781,191.8722
2022-05-31,0,182.98561,190.45439,182.98561,190.45439
2022-06-01,0,179.536,186.864,179.536,186.864
2022-06-02,0,192.0016,199.8384,192.0016,199.8384
2022-06-03,0,183.456,190.944,183.456,190.944
2022-06-06,0,184.1028,191.6172,184.1028,191.6172
2022-06-07,0,185.4748,193.0452,185.4748,193.0452
2022-06-08,0,182.7504,190.2096,182.7504,190.2096
2022-06-09,0,176.87039,184.0896,176.87039,184.0896
2022-06-10,0,166.34521,173.1348,166.34521,173.1348
2022-06-13,0,153.3406,159.5994,153.3406,159.5994
2022-06-14,0,155.19281,161.52719,155.19281,161.52719
2022-06-15,0,161.96461,168.5754,161.96461,168.5754
2022-06-16,0,152.8898,159.13019,152.8898,159.13019
2022-06-17,0,155.62401,161.976,155.62401,161.976
2022-06-21,0,162.3468,168.9732,162.3468,168.9732
2022-06-22,1,160.328,166.87201,160.328,166.87201
2022-06-23,0,159.005,165.495,159.005,165.495
2022-06-24,0,167.8348,174.6852,167.8348,174.6852
2022-06-27,0,165.31621,172.0638,165.31621,172.0638
2022-06-28,0,156.62361,163.0164,156.62361,163.0164
2022-06-29,0,152.3116,158.5284,152.3116,158.5284
2022-06-30,0,148.5582,154.6218,148.5582,154.6218
2022-07-01,0,142.3254,148.1346,142.3254,148.1346
2022-07-05,0,146.6472,152.6328,146.6472,152.6328
2022-07-06,0,148.274,154.326,148.274,154.326
2022-07-07,0,155.4084,161.7516,155.4084,161.7516
2022-07-08,0,155.2124,161.5476,155.2124,161.5476
2022-07-11,0,148.48961,154.5504,148.48961,154.5504
2022-07-12,0,147.8036,153.83641,147.8036,153.83641
2022-07-13,0,148.60721,154.67279,148.60721,154.67279
2022-07-14,0,150.6456,156.7944,150.6456,156.7944
2022-07-15,0,154.4676,160.77238,154.4676,160.77238
2022-07-18,0,157.7898,164.2302,157.7898,164.2302
2022-07-19,1,166.5216,173.31839,166.5216,173.31839
2022-07-20,0,174.5086,181.63141,174.5086,181.63141
2022-07-21,0,176.89,184.11,176.89,184.11
2022-07-22,0,169.72621,176.6538,169.72621,176.6538
2022-07-25,1,166.8352,173.6448,166.8352,173.6448
2022-07-26,0,162.0234,168.6366,162.0234,168.6366
2022-07-27,0,174.342,181.458,174.342,181.458
2022-07-28,0,176.2432,183.4368,176.2432,183.4368
2022-07-29,0,177.9974,185.2626,177.9974,185.2626
2022-08-01,0,180.7218,188.0982,180.7218,188.0982
2022-08-02,0,181.5548,188.9652,181.5548,188.9652
2022-08-03,0,185.1514,192.70859,185.1514,192.70859
2022-08-04,1,188.30699,195.993,188.30699,195.993
2022-08-05,0,186.09221,193.68779,186.09221,193.68779
2022-08-08,0,174.3714,181.48859,174.3714,181.48859
2022-08-09,1,167.44281,174.27719,167.44281,174.27719
2022-08-10,0,177.3506,184.5894,177.3506,184.5894
2022-08-11,0,175.8316,183.00839,175.8316,183.00839
2022-08-12,0,183.3482,190.83179,183.3482,190.83179
2022-08-15,0,186.51361,194.1264,186.51361,194.1264
2022-08-16,0,185.01419,192.5658,185.01419,192.5658
2022-08-17,0,179.68301,187.017,179.68301,187.017
2022-08-18,0,183.9754,191.48459,183.9754,191.48459
2022-08-19,0,174.92021,182.0598,174.92021,182.0598
2022-08-22,0,166.9332,173.7468,166.9332,173.7468
2022-08-23,0,168.3738,175.2462,168.3738,175.2462
2022-08-24,0,168.7756,175.6644,168.7756,175.6644
2022-08-25,0,175.54741,182.7126,175.54741,182.7126
2022-08-26,0,159.348,165.852,159.348,165.852
2022-08-29,0,154.8498,161.1702,154.8498,161.1702
2022-08-30,1,151.5864,157.77359,151.5864,157.77359
2022-08-31,1,147.9212,153.9588,147.9212,153.9588
2022-09-01,0,136.5826,142.1574,136.5826,142.1574
2022-09-02,1,133.7406,139.1994,133.7406,139.1994
2022-09-06,0,131.957,137.34299,131.957,137.34299
2022-09-07,0,134.3972,139.8828,134.3972,139.8828
2022-09-08,0,137.10199,142.698,137.10199,142.698
2022-09-09,0,140.9926,146.74739,140.9926,146.74739
2022-09-12,0,142.149,147.951,142.149,147.951
2022-09-13,0,128.6838,133.93619,128.6838,133.93619
2022-09-14,0,128.6544,133.9056,128.6544,133.9056
2022-09-15,0,126.70419,131.8758,126.70419,131.8758
2022-09-16,1,129.3404,134.6196,129.3404,134.6196
2022-09-19,0,131.14362,136.4964,131.14362,136.4964
2022-09-20,0,129.1248,134.39519,129.1248,134.39519
2022-09-21,0,129.95781,135.26219,129.95781,135.26219
2022-09-22,0,123.0978,128.1222,123.0978,128.1222
2022-09-23,0,122.65681,127.6632,122.65681,127.6632
2022-09-26,0,119.834404,124.72559,119.834404,124.72559
2022-09-27,0,121.6474,126.612595,121.6474,126.612595
2022-09-28,0,124.812805,129.9072,124.812805,129.9072
2022-09-29,0,119.756,124.644,119.756,124.644
2022-09-30,0,118.962204,123.817795,118.962204,123.817795
2022-10-03,0,122.61761,127.6224,122.61761,127.6224
2022-10-04,0,129.0366,134.30339,129.0366,134.30339
2022-10-05,0,129.4482,134.7318,129.4482,134.7318
2022-10-06,0,128.67401,133.926,128.67401,133.926
2022-10-07,1,118.3448,123.1752,118.3448,123.1752
2022-10-10,0,114.366,119.034,114.366,119.034
2022-10-11,0,113.5428,118.1772,113.5428,118.1772
2022-10-12,0,112.700005,117.299995,112.700005,117.299995
2022-10-13,0,117.208,121.992,117.208,121.992
2022-10-14,0,110.0246,114.515396,110.0246,114.515396
2022-10-17,1,116.5024,121.25759,116.5024,121.25759
2022-10-18,0,117.2766,122.06339,117.2766,122.06339
2022-10-19,0,118.09981,122.9202,118.09981,122.9202
2022-10-20,1,119.501205,124.3788,119.501205,124.3788
2022-10-21,0,122.16681,127.1532,122.16681,127.1532
2022-10-24,0,123.4702,128.5098,123.4702,128.5098
2022-10-25,0,129.95781,135.26219,129.95781,135.26219
2022-10-26,1,126.380806,131.5392,126.380806,131.5392
2022-10-27,0,129.1248,134.39519,129.1248,134.39519
2022-10-28,0,135.5732,141.1068,135.5732,141.1068
2022-10-31,0,132.2706,137.6694,132.2706,137.6694
2022-11-01,1,132.72139,138.1386,132.72139,138.1386
2022-11-02,0,129.5462,134.8338,129.5462,134.8338
2022-11-03,0,131.5258,136.89421,131.5258,136.89421
2022-11-04,0,138.7288,144.39119,138.7288,144.39119
2022-11-07,0,140.1498,145.8702,140.1498,145.8702
2022-11-08,0,143.09961,148.9404,143.09961,148.9404
2022-11-09,0,135.00479,140.5152,135.00479,140.5152
2022-11-10,0,154.35,160.65,154.35,160.65
2022-11-11,0,160.00461,166.5354,160.00461,166.5354
2022-11-14,0,159.691,166.209,159.691,166.209
2022-11-15,0,163.32681,169.9932,163.32681,169.9932
2022-11-16,0,155.91801,162.282,155.91801,162.282
2022-11-17,0,153.63461,159.9054,153.63461,159.9054
2022-11-18,0,151.0082,157.1718,151.0082,157.1718
2022-11-21,0,150.1066,156.2334,150.1066,156.2334
2022-11-22,0,157.17241,163.5876,157.17241,163.5876
2022-11-23,0,161.8862,168.4938,161.8862,168.4938
2022-11-25,0,159.446,165.954,159.446,165.954
2022-11-28,1,155.10461,161.4354,155.10461,161.4354
2022-11-29,0,153.2622,159.51779,153.2622,159.51779
2022-11-30,0,165.8454,172.6146,165.8454,172.6146
2022-12-01,0,167.923,174.77701,167.923,174.77701
2022-12-02,1,165.3848,172.1352,165.3848,172.1352
2022-12-05,0,162.77802,169.422,162.77802,169.422
2022-12-06,0,156.67259,163.0674,156.67259,163.0674
2022-12-07,0,157.976,164.424,157.976,164.424
2022-12-08,0,168.25621,175.1238,168.25621,175.1238
2022-12-09,1,166.6098,173.41019,166.6098,173.41019
2022-12-12,0,167.85931,174.7107,167.85931,174.7107
