ticker,strategy,total_return,annualized_return,sharpe_ratio,max_drawdown
AAPL,buy_and_hold,42.886729453509666,0.31193132784613176,1.0796837153394363,0.4437687017144146
AAPL,macd,12.301662712622473,0.20417798265915876,1.116146418463894,0.3489578291278355
AAPL,arima,-0.26133459211465393,-0.10303371448545118,-0.11320245029698595,0.6874292188940904
AAPL,gp,0.5334545892882128,0.1658726096257166,0.6017005598974778,0.37118217540322324
AAPL,lightgbm,-0.23761168958728407,-0.09343097846307169,-0.08901238780282889,0.6366005243250226
AAPL,lstm,-0.48722749302652024,-0.21318901157143832,-1.0745456164176508,0.5895621580806125
AAPL,transformer,-0.10356758894668727,-0.03848731519247439,-0.0826685136161397,0.25886897838445083
AAPL,eata,7.216080433097835,0.6939213708178762,1.7695143245503586,0.2704561395660943
AAPL,finrl_ppo,0.04370333274727645,0.015451547646593511,0.18242891896786984,0.1626450171866492
AAPL,finrl_a2c,0.7186085112261813,0.21423405442004784,0.7861634152989254,0.28541546378273197
AAPL,finrl_sac,0.0,0.0,0.0,0.0
AAPL,finrl_td3,0.0,0.0,0.0,0.0
AAPL,finrl_ddpg,0.0,0.0,0.0,0.0
AAPL,buy_and_hold,0.8943233241572259,0.24230918614813257,0.772190398634906,0.3142726566427492
AAPL,macd,1.2728310899364121,0.3215946784559476,1.3924130244734054,0.1717563430763595
AAPL,arima,0.09409034708320729,0.16545622523046322,0.5989052951881001,0.13987175594334408
AAPL,gp,0.0,0.0,0.0,0.0
AAPL,lightgbm,0.583594467324285,1.248123436387084,2.44786396074641,0.20138458364095277
AAPL,lstm,-0.04881914331841286,-0.08169167051470871,-0.38641997032565945,0.21878052840984236
AAPL,transformer,-0.12459079160591913,-0.2027349946194804,-1.1582539091442074,0.17495180827251589
AAPL,eata,1.2115274877243025,0.33568932799295736,1.0350131226489883,0.22360208592946376
AAPL,finrl_ppo,-0.006501312739104703,-0.010970784241662423,-0.36648054500249805,0.02169525236699278
AAPL,finrl_a2c,-0.042952882738113374,-0.07156180911779164,-0.09496596782049167,0.2266199526057436
AAPL,finrl_sac,0.0,0.0,0.0,0.0
AAPL,finrl_td3,0.0,0.0,0.0,0.0
AAPL,finrl_ddpg,0.0,0.0,0.0,0.0
AAPL,buy_and_hold,0.8943233241572259,0.24230918614813257,0.772190398634906,0.3142726566427492
AAPL,macd,1.2728310899364121,0.3215946784559476,1.3924130244734054,0.1717563430763595
AAPL,arima,-0.5046939854552412,-0.21227946605201808,-0.4599120766003452,0.6607039671504511
AAPL,gp,0.0,0.0,0.0,0.0
AAPL,lightgbm,-0.1891177667877456,-0.06917029735134017,-0.009263332865359868,0.6874292188940901
AAPL,lstm,-0.17459232428316063,-0.06308813916640366,-0.18777840291230113,0.31654888679429977
AAPL,transformer,-0.0018313338200783846,-0.000622338902904418,-0.08131259701354537,0.0
AAPL,eata,7.216080433097835,0.6939213708178762,1.7695143245503586,0.2704561395660943
AAPL,finrl_ppo,0.7335483522267152,0.20514372820036542,0.7660781181788912,0.28541493912742205
AAPL,finrl_a2c,0.0,0.0,0.0,0.0
AAPL,finrl_sac,0.0,0.0,0.0,0.0
AAPL,finrl_td3,0.0,0.0,0.0,0.0
AAPL,finrl_ddpg,0.0,0.0,0.0,0.0
AAPL,buy_and_hold,0.8943233241572259,0.24230918614813257,0.772190398634906,0.3142726566427492
AAPL,macd,1.2728310899364121,0.3215946784559476,1.3924130244734054,0.1717563430763595
AAPL,arima,-0.5046939854552412,-0.21227946605201808,-0.4599120766003452,0.6607039671504511
AAPL,gp,0.10876624164883619,0.03568736348509538,0.2815477364114698,0.39879517868839065
AAPL,lightgbm,-0.3266764122115545,-0.1287800583453459,-0.19801440690246475,0.6735496842473875
AAPL,lstm,-0.2649243825131429,-0.09925195816925747,-0.11966754815917109,0.6937078317396123
AAPL,transformer,0.34755737786030316,0.10661661042167836,0.9011553063258246,0.15847269434293731
AAPL,eata,7.216080433097835,0.6939213708178762,1.7695143245503586,0.2704561395660943
AAPL,finrl_ppo,0.7335483522267152,0.20514372820036542,0.7660781181788912,0.28541493912742205
AAPL,finrl_a2c,0.0,0.0,0.0,0.0
AAPL,finrl_sac,0.0,0.0,0.0,0.0
AAPL,finrl_td3,0.0,0.0,0.0,0.0
AAPL,finrl_ddpg,0.0,0.0,0.0,0.0
AMD,buy_and_hold,28.15336084029106,0.27396393107199124,0.7020757524960338,0.8405511782383538
AMD,macd,12.019622872721937,0.20232658370857215,0.6484673829039506,0.602859176898228
AMD,arima,-0.35398241140079156,-0.1451644311407383,0.0016580982271328071,0.7950606860268818
AMD,gp,-0.1675101254934166,-0.06369339255403073,0.16501988998771325,0.6920986283357033
AMD,lightgbm,-0.37335417328861653,-0.15547315144757023,-0.02307312017427172,0.76142938896911
AMD,lstm,-0.32372835056790217,-0.13100383474268495,-0.368130435438525,0.4564710928434449
AMD,transformer,-0.056744924812364594,-0.020752400506874324,-0.25283483231681775,0.10948753356933594
AMD,eata,0.4193766373882284,0.09159659731651137,0.40049556769569206,0.7279384577796897
AMD,finrl_ppo,-0.12470080207064427,-0.046621806043015135,0.1002863711750347,0.6544970595823836
AMD,finrl_a2c,0.10932860233795894,0.03789268499276299,0.31655938908513725,0.6544868040786807
AMD,finrl_sac,0.0,0.0,0.0,0.0
AMD,finrl_td3,0.0,0.0,0.0,0.0
AMD,finrl_ddpg,0.0,0.0,0.0,0.0
AMD,buy_and_hold,0.41313654363555186,0.12462032992911642,0.4888099664029207,0.6544994295506881
AMD,macd,1.1595673030103537,0.29884855826119816,0.8445027935698136,0.3469903547333551
AMD,arima,0.14934299414365926,0.26744110371534435,0.6975345173665005,0.3565677817364907
AMD,gp,0.0,0.0,0.0,0.0
AMD,lightgbm,-0.4437300552982756,-0.6442600349900339,-1.5304489476677654,0.5740655513479146
AMD,lstm,0.08178050779155877,0.1432174003297566,0.588694434014393,0.15906082114994055
AMD,transformer,0.21001255451100542,0.3834598068246675,1.1820108929737057,0.19891331530887535
AMD,eata,2.3478880610961914,0.5537391539116152,1.0872522368328204,0.3905663620542038
AMD,finrl_ppo,-0.07011001284722818,-0.11568070595292834,-0.6937799166852285,0.1642688752231323
AMD,finrl_a2c,-0.16783390025725164,-0.2670857126664108,-0.568150479324069,0.3738003713544627
AMD,finrl_sac,-0.16377127375668332,-0.26102398834867846,-0.5328371426450296,0.3738003713544627
AMD,finrl_td3,0.0,0.0,0.0,0.0
AMD,finrl_ddpg,0.0,0.0,0.0,0.0
AMD,buy_and_hold,0.41313654363555186,0.12462032992911642,0.4888099664029207,0.6544994295506881
AMD,macd,1.1595673030103537,0.29884855826119816,0.8445027935698136,0.3469903547333551
AMD,arima,-0.48452709372717506,-0.20153002801785458,-0.12319898854943064,0.795060686026882
AMD,gp,-0.2030870134367968,-0.07420056617117565,0.14224442262937448,0.6920986283357039
AMD,lightgbm,-0.4028041512876963,-0.16446236860586927,-0.03796079925476992,0.7950606860268818
AMD,lstm,-0.21652770235924312,-0.07953340832750799,0.12495556994802175,0.7663901527462277
AMD,transformer,0.0,0.0,0.0,0.0
AMD,eata,4.560551688539501,0.5362590528546824,1.0441227969472056,0.451479609773301
AMD,finrl_ppo,0.17781078074217982,0.057076381131776266,0.35401133884157715,0.6544993415641374
AMD,finrl_a2c,0.11095717161967067,0.036332111689278745,0.30837325693534823,0.6535564978195164
AMD,finrl_sac,0.21423855811091586,0.06805352774215434,0.37685377340857124,0.6544877456524544
AMD,finrl_td3,0.21423855811091586,0.06805352774215434,0.37685377340857124,0.6544877456524544
AMD,finrl_ddpg,0.21423855811091586,0.06805352774215434,0.37685377340857124,0.6544877456524544
AMT,buy_and_hold,6.068234369486707,0.15073724598125082,0.6868724604533841,0.39467098266965017
AMT,macd,0.9331683660685994,0.04846200061664052,0.3701747111873583,0.3214042836366832
AMT,arima,1.9728893002869512,0.4786283683410808,1.3240653367842161,0.22718990625953697
AMT,gp,-0.43723914368494443,-0.18647168072016052,-0.43722436488356303,0.4645640560350462
AMT,lightgbm,1.7447713699036642,0.44059428447309723,1.2530913290944625,0.22744851617733167
AMT,lstm,-0.007892012596130371,-0.0028402273859088334,-0.5995718872091372,0.0
AMT,transformer,0.41057099004409925,0.1314332974579504,0.7913444373974352,0.15736226752499058
AMT,eata,0.5237730384979222,0.11115714549862221,0.4387710144711268,0.43866510053317703
AMT,finrl_ppo,-0.112708267004059,-0.041959870471902305,-0.03623528105393684,0.3946659446542103
AMT,finrl_a2c,-0.08233691701354973,-0.030331466730848855,0.02383540691705574,0.39464496081161216
AMT,finrl_sac,0.0,0.0,0.0,0.0
AMT,finrl_td3,0.0,0.0,0.0,0.0
AMT,finrl_ddpg,-0.08233691701354973,-0.030331466730848855,0.02383540691705574,0.39464496081161216
AMT,buy_and_hold,-0.06612691733195619,-0.022967334772770576,0.09871706289404637,0.39467098266965034
AMT,macd,0.37963169362062055,0.11549270504148335,0.624303338573746,0.22168526191217286
AMT,arima,2.610409071666234,0.5465315396598271,1.4682934841891868,0.2271899062595373
AMT,gp,-0.08394395190643122,-0.029338364629984626,0.08165422903741544,0.571690103871759
AMT,lightgbm,1.1173658570334175,0.2988392954426662,0.966311355626821,0.22718990625953728
AMT,lstm,0.1696760196184799,0.054670052136458924,0.32542051266368327,0.49621170461394726
AMT,transformer,0.0,0.0,0.0,0.0
AMT,eata,0.5237730384979222,0.11115714549862221,0.4387710144711268,0.43866510053317703
AMT,finrl_ppo,-0.09435582229022221,-0.03305560402090779,0.016571726973863624,0.39348783702453377
AMT,finrl_a2c,-0.11331578861767522,-0.03996948821924262,0.04043062815584286,0.39590178214536276
AMT,finrl_sac,0.0,0.0,0.0,0.0
AMT,finrl_td3,0.0,0.0,0.0,0.0
AMT,finrl_ddpg,-0.10545490775787336,-0.03709122055628067,0.05307508973428492,0.39466657489402024
BAC,buy_and_hold,1.271807430460651,0.06068309521729143,0.35857095912613757,0.7801120333599023
BAC,macd,1.6023426953023576,0.07107785479780548,0.3786837697213973,0.7138851907986707
BAC,arima,-0.0441258638753409,-0.01606964818204193,0.17293958884519084,0.45166770461215333
BAC,gp,1.2817093835868962,0.3446407596768757,0.909316370594676,0.40664583342943933
BAC,lightgbm,1.0602450052262746,0.2986652202653062,0.8392511734814665,0.3422133276564564
BAC,lstm,0.06294226666730007,0.022153909776829073,0.20992287634959106,0.25632344981023164
BAC,transformer,0.0,0.0,0.0,0.0
BAC,eata,0.953405400278091,0.1824159753675667,0.6008257904249036,0.46108027776890376
BAC,finrl_ppo,0.0,0.0,0.0,0.0
BAC,finrl_a2c,0.09729921840339673,0.03384415044253486,0.2579016650365207,0.3971242553908282
BAC,finrl_sac,0.0,0.0,0.0,0.0
BAC,finrl_td3,0.0,0.0,0.0,0.0
BAC,finrl_ddpg,0.0,0.0,0.0,0.0
BAC,buy_and_hold,-0.08656002068756097,-0.03028069152299373,0.1341350217636418,0.4881087180089784
BAC,macd,0.34306760238739775,0.10536303758757182,0.507160278537701,0.3619465449116111
BAC,arima,0.22715558203839548,0.4169992994700289,1.2341578821693098,0.1609357147165496
BAC,gp,0.0,0.0,0.0,0.0
BAC,lightgbm,-0.09289643637582978,-0.15786572646230757,-0.36745381245608827,0.2563987354674712
BAC,lstm,0.0,0.0,0.0,0.0
BAC,transformer,-0.08247888476480447,-0.13633309664958126,-0.8469690344129596,0.15430116969444
BAC,eata,0.9326224512615213,0.27161203544825985,0.7797700283582941,0.3161898401224541
BAC,finrl_ppo,-0.00969381517646728,-0.01633992200540213,-0.41326885536790403,0.03322685895761763
BAC,finrl_a2c,0.0,0.0,0.0,0.0
BAC,finrl_sac,-0.024234537941169254,-0.04064308468761746,-0.38943756924785866,0.08032691498021483
BAC,finrl_td3,0.0,0.0,0.0,0.0
BAC,finrl_ddpg,-0.024234537941169254,-0.04064308468761746,-0.38943756924785866,0.08032691498021483
BAC,buy_and_hold,-0.08656002068756097,-0.03028069152299373,0.1341350217636418,0.4881087180089784
BAC,macd,0.34306760238739775,0.10536303758757182,0.507160278537701,0.3619465449116111
BAC,arima,0.35140033970180085,0.10768739999360188,0.4528755285375564,0.4822451067656479
BAC,gp,-0.30380989776306744,-0.11572608275423235,-0.08338059132650656,0.686373544087106
BAC,lightgbm,0.14674696703799261,0.04888360324834018,0.321337698895136,0.41790826651702734
BAC,lstm,-0.2769985618866315,-0.10430434014019774,-0.09094141518495434,0.49538860108852384
BAC,transformer,-0.07379354754964551,-0.025698848479002723,-0.9278671780853062,0.06993201899192006
BAC,eata,0.953405400278091,0.1824159753675667,0.6008257904249036,0.46108027776890376
BAC,finrl_ppo,-0.060988258985357424,-0.021116625467994754,-0.018395293288826626,0.35521446355640507
BAC,finrl_a2c,0.07141783384673484,0.023672453498811308,0.21723125459439266,0.3971178639602636
BAC,finrl_sac,0.0,0.0,0.0,0.0
BAC,finrl_td3,0.0,0.0,0.0,0.0
BAC,finrl_ddpg,0.0,0.0,0.0,0.0
BA,buy_and_hold,3.119558091980342,0.10698853324622437,0.4606087600747378,0.7843720140050349
BA,macd,3.646353642255603,0.11659387003756083,0.5690731116200161,0.4355620062584915
BA,arima,-0.21049575456224523,-0.08134406202082822,0.17640345236896884,0.6378225631858616
BA,gp,-0.35558471067906383,-0.1459261432954715,0.059803928923461085,0.6644179013322444
BA,lightgbm,-0.26586686700920625,-0.10572527700143197,0.12870336296280907,0.652858891485807
BA,lstm,-0.38810567579924915,-0.16165591142625124,-0.5186123500016074,0.5716939660165177
BA,transformer,-0.17572236279241638,-0.06701954727564452,0.0400078325462404,0.6644179220977714
BA,eata,2.0705916720428448,0.3241173486018871,0.8338743830480997,0.4416171606546471
BA,finrl_ppo,0.05647135363796996,0.01988717178677879,0.24151255514834336,0.5695656255204335
BA,finrl_a2c,0.207726699435822,0.06999757647274385,0.3784159681066497,0.5703267092338433
BA,finrl_sac,0.0,0.0,0.0,0.0
BA,finrl_td3,0.0,0.0,0.0,0.0
BA,finrl_ddpg,0.23132366148338313,0.07744513522807339,0.39401674382532603,0.5695702662595857
BA,buy_and_hold,-0.4407476312071813,-0.17911578363357794,-0.015205899259247146,0.7265505862765147
BA,macd,0.6372368915381668,0.18227122808660545,0.6121175357269658,0.392794914101259
BA,arima,0.2500884815540714,0.46238351614692474,1.0259634152854915,0.3116389990081128
BA,gp,0.0,0.0,0.0,0.0
BA,lightgbm,0.2716155878842803,0.5272136858193304,1.1323996160933032,0.28432069845251146
BA,lstm,-0.09724405574055495,-0.1598641322336094,-1.5459762284594731,0.09724405574055495
BA,transformer,0.00028536622583552607,0.000485942560180197,0.14440003708831614,0.17735898311547676
BA,eata,0.5504829348831153,0.17344081266769984,0.6204944715017454,0.8169214236395886
BA,finrl_ppo,0.0,0.0,0.0,0.0
BA,finrl_a2c,0.0,0.0,0.0,0.0
BA,finrl_sac,0.29284025869483865,0.5440205079665594,1.3932236975525296,0.2957083143691279
BA,finrl_td3,0.0,0.0,0.0,0.0
BA,finrl_ddpg,0.0,0.0,0.0,0.0
BA,buy_and_hold,-0.4407476312071813,-0.17911578363357794,-0.015205899259247146,0.7265505862765147
BA,macd,0.6372368915381668,0.18227122808660545,0.6121175357269658,0.392794914101259
BA,arima,-0.36823910430567997,-0.14441493500208946,0.05235464124495761,0.7011324191243363
BA,gp,-0.354094935506577,-0.13795688215165802,0.06510492401252368,0.8696190351548727
BA,lightgbm,-0.5529117594414936,-0.244654990640214,-0.15140814490879723,0.7265505862765148
BA,lstm,-0.7096068102999042,-0.3429203277608389,-0.38069875019996013,0.8639308051652077
BA,transformer,-0.5948408475535348,-0.26423218203099186,-1.1135274502709926,0.6292062508823406
BA,eata,0.9785062550354027,0.1862000179718024,0.5618765708320341,0.5935918058678534
BA,finrl_ppo,-0.41407875046791087,-0.16582134622092515,0.007011174352300672,0.7120300585216547
BA,finrl_a2c,-0.45388959287072694,-0.18549344909386778,-0.03903498798841908,0.7232401423993312
BA,finrl_sac,0.0,0.0,0.0,0.0
BA,finrl_td3,0.0,0.0,0.0,0.0
BA,finrl_ddpg,-0.43387135708261115,-0.17548734685853618,-0.00999852556972229,0.7263780463284967
BHP,buy_and_hold,0.5358020408481707,0.03128313282138917,0.2648146368319857,0.8112582745602235
BHP,macd,1.9928871363925,0.08188436580822245,0.4520598773921245,0.390912377420999
BHP,arima,-0.5071113260189948,-0.22428049559743402,-0.3940223714788816,0.5471465542604248
BHP,gp,0.57953336698304,0.178329499477474,0.6025255360084371,0.35432096014954384
BHP,lightgbm,0.6085379377124489,0.18750414948648442,0.6252266218273425,0.43771506458887055
BHP,lstm,-0.23950781200619242,-0.09360799376193862,-0.7611315201593023,0.2544333156203128
BHP,transformer,0.0,0.0,0.0,0.0
BHP,eata,0.031203118659972606,0.007718815025942627,0.13945494186298607,0.5813395472519127
BHP,finrl_ppo,0.13572093198580504,0.04667746654664717,0.3079970883002423,0.3111350838055185
BHP,finrl_a2c,0.378148704453132,0.12184431737712131,0.5207798788953699,0.35185025527716995
BHP,finrl_sac,0.0,0.0,0.0,0.0
BHP,finrl_td3,0.37887134165130165,0.1220551457265111,0.5196486172302107,0.3543115534538288
BHP,finrl_ddpg,0.0,0.0,0.0,0.0
BHP,buy_and_hold,0.2726575068300179,0.08533150781476273,0.40631022624036894,0.45237252659517085
BHP,macd,1.0683484507854293,0.2799498580924398,1.1186996913004652,0.21499275624135328
BHP,arima,0.7486759681276132,0.20900915007308485,0.6666029713434014,0.431851569245503
BHP,gp,1.6353028830172627,0.3897080674160718,1.0031146660241805,0.42058047137232296
BHP,lightgbm,0.5883927260697863,0.17501500821656402,0.6097220421240298,0.3322927139620642
BHP,lstm,0.37441777042997737,0.11405917245552666,0.4755033371511303,0.34024389960575974
BHP,transformer,-0.006737053394317627,-0.002293164710847062,-0.5831646179767073,0.0
BHP,eata,0.031203118659972606,0.007718815025942627,0.13945494186298607,0.5813395472519127
BHP,finrl_ppo,0.15898235344362277,0.05131449130747501,0.3218157397195097,0.3288712269941515
BHP,finrl_a2c,0.40904136244603695,0.12333632338136225,0.5319557507938686,0.34073476584183837
BHP,finrl_sac,0.0,0.0,0.0,0.0
BHP,finrl_td3,0.428573880967819,0.1285938011414316,0.5370350276415461,0.35431866674086854
BHP,finrl_ddpg,0.0,0.0,0.0,0.0
CAT,buy_and_hold,3.881428132884209,0.1205574733599537,0.5188679499212092,0.518880225795631
CAT,macd,5.460935435842566,0.14333909647079746,0.736247241246743,0.39007921495149056
CAT,arima,-0.26174994365261983,-0.10321480091137492,-0.12059759419466641,0.5768938221845068
CAT,gp,0.44483414458027837,0.14122312363902156,0.5461329796072881,0.3362690135130529
CAT,lightgbm,-0.016632879526634392,-0.006045832587218802,0.15777410134390843,0.4333013539200166
CAT,lstm,0.4839948621208412,0.15223174152232,0.7967661905228838,0.2562170514234645
CAT,transformer,-0.005110694397457705,-0.0018376218422557766,0.10882762683165911,0.27904233641457754
CAT,eata,5.163410485092159,0.5763452988902182,1.5835007855591372,0.1378706179921329
CAT,finrl_ppo,0.0881779045041271,0.030755317918655045,0.44166538122624766,0.11836314499668825
CAT,finrl_a2c,0.0,0.0,0.0,0.0
CAT,finrl_sac,0.0,0.0,0.0,0.0
CAT,finrl_td3,0.0,0.0,0.0,0.0
CAT,finrl_ddpg,0.0,0.0,0.0,0.0
CAT,buy_and_hold,0.5212103555815872,0.15312291404117206,0.5788485853484114,0.3812314944526016
CAT,macd,0.24242747970452383,0.07650631665087859,0.4341066429209794,0.26979393390613954
CAT,arima,0.12434291357765259,0.2208589805541603,0.7451305677612945,0.1832260737467196
CAT,gp,0.0,0.0,0.0,0.0
CAT,lightgbm,0.21565685471500262,0.4107730431349026,1.1575747061467696,0.21547757859879652
CAT,lstm,0.0,0.0,0.0,0.0
CAT,transformer,0.17498176823027944,0.3159584911824347,1.7239207290811143,0.07757881575511484
CAT,eata,0.9663758661727881,0.2796668306292449,0.855073222149531,0.2416360595849357
CAT,finrl_ppo,0.0,0.0,0.0,0.0
CAT,finrl_a2c,0.0,0.0,0.0,0.0
CAT,finrl_sac,0.16559200775909422,0.29583153899681736,1.011928508494053,0.20036527796259923
CAT,finrl_td3,0.0,0.0,0.0,0.0
CAT,finrl_ddpg,0.0,0.0,0.0,0.0
CAT,buy_and_hold,0.5212103555815872,0.15312291404117206,0.5788485853484114,0.3812314944526016
CAT,macd,0.24242747970452383,0.07650631665087859,0.4341066429209794,0.26979393390613954
CAT,arima,-0.357957294660985,-0.1397110416575985,-0.24201714757231643,0.4827831747427318
CAT,gp,0.5335389781489654,0.1562883897641283,0.5851284695951605,0.33626901351305466
CAT,lightgbm,0.028832616126656996,0.009956631861475662,0.20257939644688436,0.3468003678053813
CAT,lstm,-0.4362500722655196,-0.1768796491003113,-0.40471259368483276,0.6073143369215234
CAT,transformer,-0.020731402478415983,-0.007089610996720008,-0.5680561711994907,0.013212859630584717
CAT,eata,5.163410485092159,0.5763452988902182,1.5835007855591372,0.1378706179921329
CAT,finrl_ppo,0.8479424983031845,0.2315485426508359,0.8528430845447799,0.33640889814265085
CAT,finrl_a2c,0.0,0.0,0.0,0.0
CAT,finrl_sac,0.0,0.0,0.0,0.0
CAT,finrl_td3,0.0,0.0,0.0,0.0
CAT,finrl_ddpg,0.0,0.0,0.0,0.0
COST,buy_and_hold,8.05106660654673,0.17134852950531898,0.852079248049447,0.3151385559807475
COST,macd,3.721645927216662,0.11788325397485333,0.8780674114615152,0.1990296824988141
COST,arima,-0.3319205068517582,-0.13479744299895713,-0.40855293886708177,0.5707913243730518
COST,gp,0.5619925172015532,0.17361533773808868,0.7336675801661177,0.3151385559807473
COST,lightgbm,-0.01520534726274858,-0.005524393928009519,0.11001040872506557,0.5221639199950103
COST,lstm,-0.04364077036495928,-0.01589043006358304,-0.7970566001006101,0.04364077036495928
COST,transformer,0.11769842480863546,0.04075212491167224,0.3531974633747394,0.17027037560671016
COST,eata,3.9397513431701645,0.4914149519363844,1.753569214691276,0.12912064040534826
COST,finrl_ppo,0.5719603336388555,0.17602670018360955,0.8201945376287014,0.3116988606233523
COST,finrl_a2c,0.6115579859026794,0.1865612213333976,0.8263431878847636,0.315106541953623
COST,finrl_sac,0.0,0.0,0.0,0.0
COST,finrl_td3,0.0,0.0,0.0,0.0
COST,finrl_ddpg,0.6108858608518066,0.18638380335669602,0.8255103826319952,0.3151359309052053
COST,buy_and_hold,0.6565728012141292,0.18699491388814926,0.7685159609085851,0.3151385559807474
COST,macd,0.6432195258821831,0.18373667955598272,1.087092676467623,0.1795052077109578
COST,arima,0.11017006047740208,0.19477146835369807,0.6966130094623381,0.1625676154280608
COST,gp,0.0,0.0,0.0,0.0
COST,lightgbm,0.41964004465777816,0.8542754282471818,2.221558525376325,0.10772368351950062
COST,lstm,-0.05102009030518162,-0.08530677226752104,-0.32629274986394724,0.1816698422119358
COST,transformer,0.036746541777600505,0.06337334653803284,0.5675664222740165,0.0649427708347069
COST,eata,2.1613483197021486,0.5215908065699479,1.918803549752556,0.20340927520954596
COST,finrl_ppo,0.04110389873583986,0.07050152660108444,0.3903910745438781,0.18951026048304462
COST,finrl_a2c,0.040004516609924545,0.06859036414655084,0.37861995188929776,0.1894554715153478
COST,finrl_sac,0.040004516609924545,0.06859036414655084,0.37861995188929776,0.1894554715153478
COST,finrl_td3,0.0,0.0,0.0,0.0
COST,finrl_ddpg,0.040004516609924545,0.06859036414655084,0.37861995188929776,0.1894554715153478
COST,buy_and_hold,0.6565728012141292,0.18699491388814926,0.7685159609085851,0.3151385559807474
COST,macd,0.6432195258821831,0.18373667955598272,1.087092676467623,0.1795052077109578
COST,arima,-0.13622090063972858,-0.04851726111706578,-0.04925357464180857,0.5453906574398459
COST,gp,0.6565728012141292,0.18699491388814926,0.7685159609085851,0.3151385559807474
COST,lightgbm,-0.007024764106312142,-0.002454089718471608,0.12527082521610106,0.545390657439845
COST,lstm,-0.08435148044168328,-0.029485042394676864,0.013008300509422773,0.5221074226539013
COST,transformer,0.29837996794534494,0.0927324018510236,0.6779639614323943,0.12933722143885965
COST,eata,3.9397513431701645,0.4914149519363844,1.753569214691276,0.12912064040534826
COST,finrl_ppo,0.5670761855433966,0.16457602145980488,0.7010477961559929,0.31471509304970696
COST,finrl_a2c,0.570580222546814,0.16545856787390711,0.7072425492979088,0.31509510007887775
COST,finrl_sac,0.0,0.0,0.0,0.0
COST,finrl_td3,0.0,0.0,0.0,0.0
COST,finrl_ddpg,0.5738776424004819,0.16628788696276087,0.7057151036464349,0.3151083422192058
DE,buy_and_hold,9.466876139596009,0.18363455884638547,0.7019750423534047,0.46010004310715585
DE,macd,1.0746821442363768,0.053793455941947954,0.35778247908608696,0.3344696030268923
DE,arima,-0.6381374411720837,-0.3057298556867376,-0.7739326710264113,0.7245399808081305
DE,gp,1.6505613460203157,0.41895112606448404,1.1163638083538197,0.34054052549117364
DE,lightgbm,-0.6272134454608561,-0.3000586271580443,-0.7641892397127897,0.6937037716970713
DE,lstm,0.03967547115585135,0.014065193020990296,0.46404466057058,0.024529337882995605
DE,transformer,0.0,0.0,0.0,0.0
DE,eata,2.1468570575103776,0.3322718695940874,0.9808295481983936,0.3161938062128825
DE,finrl_ppo,1.6412926519086,0.41646524500316073,1.3284401532440435,0.3405291974467245
DE,finrl_a2c,2.0793065266019286,0.49655490607439234,1.443404330012057,0.3405244500624364
DE,finrl_sac,0.0,0.0,0.0,0.0
DE,finrl_td3,0.0,0.0,0.0,0.0
DE,finrl_ddpg,2.0792719420173342,0.4965488809075629,1.4433815582033669,0.34052824000542065
DE,buy_and_hold,1.4566324182229917,0.3569641139760549,1.000740166525532,0.37415541832192134
DE,macd,0.5697733007753703,0.1654956535345231,0.7940648587465065,0.33446960302689166
DE,arima,0.42696869774578206,0.8319849236493067,1.8208643032468035,0.18625886525362487
DE,gp,0.0,0.0,0.0,0.0
DE,lightgbm,0.3444040234678234,0.68461271134448,1.6010431825384766,0.2139516704897988
DE,lstm,-0.18531639464350924,-0.294591497527838,-1.1760926562164107,0.24811164458274615
DE,transformer,-0.2259976260145784,-0.35351090863704415,-1.4266718713397195,0.26674620511192854
DE,eata,2.9965170408935555,0.6573971969894734,1.647907009663623,0.21799140476856585
DE,finrl_ppo,0.28897711048849506,0.5362255293433809,2.0337064854191316,0.14396491709997242
DE,finrl_a2c,0.24621355808898926,0.4510192491840006,1.4260693323101454,0.18665840086696
DE,finrl_sac,0.0,0.0,0.0,0.0
DE,finrl_td3,0.0,0.0,0.0,0.0
DE,finrl_ddpg,0.24621355808898926,0.4510192491840006,1.4260693323101454,0.18665840086696
DE,buy_and_hold,1.4566324182229917,0.3569641139760549,1.000740166525532,0.37415541832192134
DE,macd,0.5697733007753703,0.1654956535345231,0.7940648587465065,0.33446960302689166
DE,arima,-0.6471062843824966,-0.29794742803955854,-0.749751178551743,0.6945595573299489
DE,gp,1.4566324182229917,0.3569641139760549,1.000740166525532,0.37415541832192134
DE,lightgbm,-0.6474428361884954,-0.3046749258546685,-0.7955894690939438,0.6909207293593357
DE,lstm,-0.6661262415087311,-0.3110340519621919,-0.8317969401849374,0.731810407276031
DE,transformer,0.03314886786569837,0.011137093884109106,0.15783948667893624,0.2975938072457505
DE,eata,2.420111384719849,0.3603248902452725,1.04624306307379,0.3161938062128825
DE,finrl_ppo,1.7556289043136752,0.41028765514630483,1.296080616979605,0.34052133894915104
DE,finrl_a2c,0.0,0.0,0.0,0.0
DE,finrl_sac,0.0,0.0,0.0,0.0
DE,finrl_td3,0.0,0.0,0.0,0.0
DE,finrl_ddpg,1.7524445824938968,0.40973471063750755,1.1468448420941901,0.3405388442534784
EQIX,buy_and_hold,10.743572026499567,0.19345533263039383,0.7237473207265546,0.4275341743426418
EQIX,macd,1.2934073331576816,0.06140395438333224,0.3897570260071938,0.36183536511259046
EQIX,arima,0.18799869125795343,0.06379271546499332,0.35070441341455477,0.4112755217447644
EQIX,gp,-0.2730436239055404,-0.1081638981976496,-0.1558199420482674,0.5531080689080482
EQIX,lightgbm,0.9974071549803698,0.28420261166465455,0.8993086800374589,0.3138704467427519
EQIX,lstm,-0.0868504660585997,-0.03208871253158585,-0.4020507753428971,0.12449456828250464
EQIX,transformer,0.0024401732624554917,0.0008752754516678785,0.10032911377079447,0.2422190597448769
EQIX,eata,0.40021005136108445,0.0878890162253434,0.3626826963936371,0.39347344476287655
EQIX,finrl_ppo,0.10001088354507526,0.034759247897865775,0.26383299256322007,0.4271673252045642
EQIX,finrl_a2c,0.16550915133361843,0.05643665482839766,0.33078033243602256,0.42749089901787324
EQIX,finrl_sac,0.0,0.0,0.0,0.0
EQIX,finrl_td3,0.1683205411861579,0.05734941849254671,0.33344725931114994,0.42697023908494985
EQIX,finrl_ddpg,0.0,0.0,0.0,0.0
EQIX,buy_and_hold,0.16675593416399392,0.05377509637828748,0.3239335630129751,0.4275341743426409
EQIX,macd,0.5203008097151323,0.15288871056942366,0.7532306510952848,0.21320530973717655
EQIX,arima,0.2990956867360577,0.09293693892520327,0.42909370379855005,0.4112755217447655
EQIX,gp,0.16675593416399392,0.05377509637828748,0.3239335630129751,0.4275341743426409
EQIX,lightgbm,0.1751606818557916,0.05786984458413169,0.33478014996867334,0.41127552174476406
EQIX,lstm,-0.056902832228649336,-0.0197004773670032,0.10862736824177152,0.4645182925207361
EQIX,transformer,0.13600113633179878,0.04425817232630758,0.3439666165344318,0.22136622422849572
EQIX,eata,0.2710738122253422,0.06186316164142602,0.2830707539295099,0.47260243321278295
EQIX,finrl_ppo,0.11985445414385976,0.03913964601763187,0.27955362101563763,0.4273354878152741
EQIX,finrl_a2c,0.0,0.0,0.0,0.0
EQIX,finrl_sac,0.0,0.0,0.0,0.0
EQIX,finrl_td3,0.0,0.0,0.0,0.0
EQIX,finrl_ddpg,0.0,0.0,0.0,0.0
GE,buy_and_hold,-0.3770357175353384,-0.03340730643042289,0.07200988491283807,0.8266140377920951
GE,macd,1.440446389039141,0.06614998879464973,0.3924669594919306,0.5403693905772323
GE,arima,0.7349671202180288,0.21870732833582052,0.6609818952003972,0.4553571614413575
GE,gp,0.5349395025093839,0.1662777541207583,0.5660913234448534,0.477512062886305
GE,lightgbm,-0.04796709087140061,-0.017615215805003248,0.18551534475896292,0.615909727416084
GE,lstm,-0.2083938836458552,-0.08046686390942748,-0.7144608766178744,0.2444164130800108
GE,transformer,0.029438018798828125,0.010469361864460236,0.5995718872091372,0.0
GE,eata,3.069820546756741,0.4208399164328196,0.9997152373479187,0.39710730626068486
GE,finrl_ppo,-0.008407921652657913,-0.003022101098946739,0.11509227456636217,0.4524118026517299
GE,finrl_a2c,0.0,0.0,0.0,0.0
GE,finrl_sac,0.4709661310361333,0.14836376073857904,0.5876608693522049,0.46784843566364176
GE,finrl_td3,0.4709661310361333,0.14836376073857904,0.5876608693522049,0.46784843566364176
GE,finrl_ddpg,0.4709661310361333,0.14836376073857904,0.5876608693522049,0.46784843566364176
GE,buy_and_hold,-0.14291700587520761,-0.051028755060142705,0.11496209334470371,0.5828267602755502
GE,macd,-0.09149237006042144,-0.03206221866238512,0.04969940008239284,0.4928518344288123
GE,arima,0.1022035336851772,0.18020997101637737,0.6694079180203519,0.14869756445796364
GE,gp,0.0,0.0,0.0,0.0
GE,lightgbm,-0.19120623139379112,-0.3120002430189378,-0.9735890527811915,0.40913959999157035
GE,lstm,0.028957439200855584,0.049806133705172506,0.35877028642267006,0.09489148178145124
GE,transformer,-0.016241349782304626,-0.02749612840274329,-0.16192277178294193,0.11749823408049372
GE,eata,0.5844947799835205,0.18276360408312708,0.5737160660343472,0.454574781557722
GE,finrl_ppo,0.0,0.0,0.0,0.0
GE,finrl_a2c,0.12584465202127038,0.2219804464786339,1.1651424716010848,0.1485839624662638
GE,finrl_sac,0.0,0.0,0.0,0.0
GE,finrl_td3,0.0,0.0,0.0,0.0
GE,finrl_ddpg,0.0,0.0,0.0,0.0
GE,buy_and_hold,-0.14291700587520761,-0.051028755060142705,0.11496209334470371,0.5828267602755502
GE,macd,-0.09149237006042144,-0.03206221866238512,0.04969940008239284,0.4928518344288123
GE,arima,0.38828525846066775,0.11786406777143732,0.47300537847579227,0.4986301491555364
GE,gp,0.47234117091625927,0.14040595316390436,0.5174592113783663,0.47751206288630454
GE,lightgbm,1.6623707668236247,0.40678062296635065,1.0245139571224917,0.35689859973331933
GE,lstm,-0.5522642683684262,-0.23883451587375137,-0.3777186595396008,0.7504424499547873
GE,transformer,0.6275926761613313,0.17990140583772773,0.9667451085102321,0.19221645661393322
GE,eata,3.5591007581939698,0.4617845667694056,1.0873157295679448,0.33214207254731165
GE,finrl_ppo,-0.043666576208267194,-0.015029203148448245,0.05236525320406533,0.43897094754597765
GE,finrl_a2c,0.0,0.0,0.0,0.0
GE,finrl_sac,0.0,0.0,0.0,0.0
GE,finrl_td3,0.21526316763905373,0.06835911698882491,0.36355277046761586,0.46784554578708887
GE,finrl_ddpg,0.0,0.0,0.0,0.0
GOOG,buy_and_hold,10.555037163254308,0.19206937980282746,0.7803648299987654,0.44601849878478655
GOOG,macd,2.407405906562423,0.09200670159757318,0.5583385061928722,0.4258230064926182
GOOG,arima,-0.37166533936450186,-0.15363879196034058,-0.30679413343898554,0.5966908490419122
GOOG,gp,-0.7703733854956641,-0.410310544480849,-1.3506851706723868,0.7825413072526617
GOOG,lightgbm,-0.5553637547364977,-0.2540042820198899,-0.6799749009858079,0.6991122197581753
GOOG,lstm,-0.16883993376158202,-0.06423056542921268,-0.7390510105465948,0.1958933619509398
GOOG,transformer,-0.14211355978180795,-0.05353838264563415,-0.15732575691622233,0.24447655450118527
GOOG,eata,2.375478019901277,0.3558604314371687,1.0752597642910395,0.22130390600317756
GOOG,finrl_ppo,0.0,0.0,0.0,0.0
GOOG,finrl_a2c,0.3203113023338089,0.1047349427315103,0.4862479551313524,0.44600901568710277
GOOG,finrl_sac,0.0,0.0,0.0,0.0
GOOG,finrl_td3,0.3203113023338089,0.1047349427315103,0.4862479551313524,0.44600901568710277
GOOG,finrl_ddpg,0.3203113023338089,0.1047349427315103,0.4862479551313524,0.44600901568710277
GOOG,buy_and_hold,0.3525965730467242,0.10802030386144135,0.4704991361289595,0.44601849878478655
GOOG,macd,0.15687745993196267,0.0507365033572722,0.3295298426385569,0.4258230064926182
GOOG,arima,-0.3693815857441063,-0.14494072915121559,-0.2829959909039832,0.5966908490419118
GOOG,gp,-0.5145002063077767,-0.21761107158364157,-0.5411224601443835,0.6009841124860499
GOOG,lightgbm,-0.6044691755026694,-0.2762340878221272,-0.8001268647084997,0.7663436344992558
GOOG,lstm,0.08024764672516227,0.02656223037800176,0.24397838300804825,0.5664482395198867
GOOG,transformer,-0.0033905760678841768,-0.0011528079820081194,0.07475951398943935,0.3012895127589998
GOOG,eata,0.8625197099037178,0.1684019554922842,0.5922920772696892,0.4276028761304541
GOOG,finrl_ppo,0.27219656966091166,0.08507857679462139,0.4315500082513986,0.4435425976881961
GOOG,finrl_a2c,0.0,0.0,0.0,0.0
GOOG,finrl_sac,0.34305940467565166,0.10521173078938317,0.48578482206301776,0.44600932858810577
GOOG,finrl_td3,0.34305940467565166,0.10521173078938317,0.48578482206301776,0.44600932858810577
GOOG,finrl_ddpg,0.0,0.0,0.0,0.0
JNJ,buy_and_hold,1.904863779774285,0.07956813037009391,0.5362462742105643,0.2782648521005337
JNJ,macd,0.5573789960918925,0.03231663339992341,0.3545730380865755,0.23013069590809102
JNJ,arima,-0.059249660163437357,-0.021686640909465926,0.01144092837065523,0.3036402461339594
JNJ,gp,-0.23032113090262363,-0.08969265184371,-0.31227702101101795,0.3554712580068846
JNJ,lightgbm,0.07654087837813295,0.027024065941619657,0.23066604603645474,0.33634200213279264
JNJ,lstm,0.08914753103407747,0.03112942041977851,0.47599678576256194,0.05331742763519287
JNJ,transformer,-0.2118574188806459,-0.08191314046707343,-0.6145840418435725,0.28116470680146705
JNJ,eata,0.8794288404846191,0.1710474750052966,0.8149395605102212,0.19021586461613993
JNJ,finrl_ppo,0.21741089497917154,0.07306525111871243,0.546036417265105,0.1387552004455618
JNJ,finrl_a2c,0.2401868264248812,0.08021881946547227,0.5570203670707441,0.1387500525230706
JNJ,finrl_sac,0.0,0.0,0.0,0.0
JNJ,finrl_td3,0.0,0.0,0.0,0.0
JNJ,finrl_ddpg,0.0,0.0,0.0,0.0
JNJ,buy_and_hold,0.206960274045634,0.0659695138508567,0.3998081289007653,0.27826485210053364
JNJ,macd,0.23622146856903803,0.07467706943761443,0.6662901059151307,0.12642016836297754
JNJ,arima,0.23901842967319675,0.44040216093226126,2.2863505020327146,0.08242167186829426
JNJ,gp,0.0,0.0,0.0,0.0
JNJ,lightgbm,-0.0810483958695094,-0.13838568771011062,-0.8063203924919952,0.1444318748291695
JNJ,lstm,0.10139774722156569,0.17874123177948986,2.041981271791255,0.02518424806729054
JNJ,transformer,-0.009878993034362793,-0.016762545187480438,-1.3093073414159544,0.0
JNJ,eata,0.5870291608276368,0.1834531782558304,0.9644056369240379,0.13468089353556756
JNJ,finrl_ppo,0.0252515866885068,0.04307916645275589,0.5137266821441855,0.05275256602113273
JNJ,finrl_a2c,0.0,0.0,0.0,0.0
JNJ,finrl_sac,0.0,0.0,0.0,0.0
JNJ,finrl_td3,0.0,0.0,0.0,0.0
JNJ,finrl_ddpg,0.0,0.0,0.0,0.0
JNJ,buy_and_hold,0.206960274045634,0.0659695138508567,0.3998081289007653,0.27826485210053364
JNJ,macd,0.23622146856903803,0.07467706943761443,0.6662901059151307,0.12642016836297754
JNJ,arima,0.04971348351673499,0.01661406167056012,0.18460058134732174,0.2350554290331756
JNJ,gp,0.206960274045634,0.0659695138508567,0.3998081289007653,0.27826485210053364
JNJ,lightgbm,0.3890915791793821,0.12136893814117777,0.6380772573687391,0.2905600079054039
JNJ,lstm,-0.005963043550625935,-0.0020291852599438887,0.09829503312376552,0.37762758595249973
JNJ,transformer,0.0,0.0,0.0,0.0
JNJ,eata,1.6164900284576418,0.27213580082651,1.2527341430374679,0.13539013141283862
JNJ,finrl_ppo,0.21184432753530924,0.06733878481701683,0.49947035573519055,0.13874747614435007
JNJ,finrl_a2c,0.24483682733261092,0.0771070252134336,0.47888355534919064,0.1942967181113555
JNJ,finrl_sac,0.24483682733261092,0.0771070252134336,0.47888355534919064,0.1942967181113555
JNJ,finrl_td3,0.0,0.0,0.0,0.0
JNJ,finrl_ddpg,0.0,0.0,0.0,0.0
JPM,buy_and_hold,3.2558212614187747,0.109577856626486,0.469741703132402,0.4678714837647154
JPM,macd,1.561478609647339,0.06986145208447492,0.40364957866696505,0.3665617043801692
JPM,arima,0.43803945905428066,0.13929363974440756,0.5298399597462348,0.34483123660342213
JPM,gp,0.2857346511779508,0.09441625627905803,0.4236549732376798,0.466838269386297
JPM,lightgbm,0.725246775726839,0.2179611659293088,0.7109470428136481,0.239438013723071
JPM,lstm,0.3966237190441826,0.1274045661506138,0.5620318459403844,0.2687824754496186
JPM,transformer,-0.02660857434505637,-0.009634464275482646,0.09709720718085198,0.36429700923944563
JPM,eata,3.347145029846194,0.4444731524628307,1.3156883850207417,0.26443865494041474
JPM,finrl_ppo,0.06682302723019373,0.023458175870326947,0.2152215670686271,0.40379954602341883
JPM,finrl_a2c,0.39405758164035043,0.12646940822486052,0.5697580256362252,0.406430763277541
JPM,finrl_sac,0.0,0.0,0.0,0.0
JPM,finrl_td3,0.39405758164035043,0.12646940822486052,0.5697580256362252,0.406430763277541
JPM,finrl_ddpg,0.0,0.0,0.0,0.0
JPM,buy_and_hold,-0.05436245210877222,-0.018804469491516818,0.14061966859954672,0.4306196178552893
JPM,macd,-0.07399291040835476,-0.025770077532003333,0.014840565553306675,0.36656170438016944
JPM,arima,0.19286406114500165,0.3502420373317816,1.158454169994281,0.13710226875045048
JPM,gp,0.0,0.0,0.0,0.0
JPM,lightgbm,0.07561448559983885,0.13706824358829817,0.5786027252139678,0.24139755880138328
JPM,lstm,0.0,0.0,0.0,0.0
JPM,transformer,0.050342372478045405,0.08722682009576888,0.6281586089987006,0.0985549219690248
JPM,eata,0.3557332986831665,0.11738408373609843,0.45074743779312515,0.4113674400973653
JPM,finrl_ppo,0.0,0.0,0.0,0.0
JPM,finrl_a2c,0.0,0.0,0.0,0.0
JPM,finrl_sac,0.13067621931390394,0.2308628709382905,1.009181341719656,0.16574990207761559
JPM,finrl_td3,0.0,0.0,0.0,0.0
JPM,finrl_ddpg,0.0,0.0,0.0,0.0
JPM,buy_and_hold,-0.05436245210877222,-0.018804469491516818,0.14061966859954672,0.4306196178552893
JPM,macd,-0.07399291040835476,-0.025770077532003333,0.014840565553306675,0.36656170438016944
JPM,arima,0.08962409693640927,0.02957979461470428,0.2664189147243875,0.43061961785528874
JPM,gp,-0.05436245210877222,-0.018804469491516818,0.14061966859954672,0.4306196178552893
JPM,lightgbm,0.07548348823071604,0.025688329213772843,0.25586013367614857,0.4180840865916353
JPM,lstm,-0.28965302393863746,-0.10965970092240451,-0.15116478104793568,0.6140660338554937
JPM,transformer,0.6897379270520296,0.19501294596847196,0.9898332362328893,0.16684278667601724
JPM,eata,3.347145029846194,0.4444731524628307,1.3156883850207417,0.26443865494041474
JPM,finrl_ppo,0.23137337252138512,0.07314175094003539,0.385272109024893,0.4064398031868688
JPM,finrl_a2c,0.17184327559667234,0.055256831701934406,0.32699153012969057,0.40729282208595374
JPM,finrl_sac,0.0,0.0,0.0,0.0
JPM,finrl_td3,0.18337873902964774,0.05876861902272057,0.3372179389691667,0.40642963032680135
JPM,finrl_ddpg,0.0,0.0,0.0,0.0
KO,buy_and_hold,1.7570805848537558,0.07552872149873191,0.49475868400760037,0.3753533892217455
KO,macd,0.06740763553541562,0.004694374655339617,0.09841725894724244,0.22131453644907167
KO,arima,0.21587418118165913,0.072686571324589,0.40671251116495344,0.3000372441279005
KO,gp,0.13152724602588362,0.045356357083728094,0.3036012254394892,0.3625254151299757
KO,lightgbm,-0.037839987664371355,-0.013849791215795992,0.06594610404469034,0.36615393765457815
KO,lstm,-0.21800625207751034,-0.08449079304025586,-0.6881542538059856,0.23801848381304777
KO,transformer,-0.127663242435342,-0.047846125647148074,-0.49173909432787105,0.21505738570364344
KO,eata,1.2428318046264661,0.22401366419092716,0.9685487748089945,0.17956473795526823
KO,finrl_ppo,0.2962843028416713,0.0974859167282891,0.6695998003400652,0.17851858613636434
KO,finrl_a2c,0.30433669530672836,0.09992488161906321,0.6633449040829482,0.17754195482612947
KO,finrl_sac,0.0,0.0,0.0,0.0
KO,finrl_td3,0.0,0.0,0.0,0.0
KO,finrl_ddpg,0.0,0.0,0.0,0.0
KO,buy_and_hold,0.1506637496731822,0.048816394203732294,0.317160714406788,0.3753533892217454
KO,macd,0.1898779170490148,0.06082153159231907,0.46663160334729653,0.17004841015555552
KO,arima,0.26807659348313684,0.4983942516919875,2.05003317845427,0.138171464686579
KO,gp,0.0,0.0,0.0,0.0
KO,lightgbm,0.1514594420683566,0.2821377159695413,1.4058648198657213,0.13817146468657907
KO,lstm,0.0,0.0,0.0,0.0
KO,transformer,-0.002708488444728152,-0.004607360730902843,-0.004083272985560807,0.049800130534426196
KO,eata,-0.013967014938355393,-0.005116387205876705,-0.0008810223427379005,0.2799483888140842
KO,finrl_ppo,0.0,0.0,0.0,0.0
KO,finrl_a2c,0.02742488912658758,0.046821472239437334,0.5225119704405327,0.09376807502989372
KO,finrl_sac,0.02742488912658758,0.046821472239437334,0.5225119704405327,0.09376807502989372
KO,finrl_td3,0.0,0.0,0.0,0.0
KO,finrl_ddpg,0.02742488912658758,0.046821472239437334,0.5225119704405327,0.09376807502989372
KO,buy_and_hold,0.1506637496731822,0.048816394203732294,0.317160714406788,0.3753533892217454
KO,macd,0.1898779170490148,0.06082153159231907,0.46663160334729653,0.17004841015555552
KO,arima,0.24052050248554258,0.07594487076181311,0.41968536419440383,0.30003724412790067
KO,gp,0.1506637496731822,0.048816394203732294,0.317160714406788,0.3753533892217454
KO,lightgbm,0.3124672367429402,0.09940945352530961,0.5146932493159894,0.32056799414319637
KO,lstm,-0.001373213704925158,-0.0004665860900192609,0.11040247428426077,0.3437192382371329
KO,transformer,-0.21302862402923217,-0.07813930373990785,-0.6014064831263576,0.291198939511286
KO,eata,-0.3490602030181873,-0.10187059555104083,-0.41695289776285427,0.6189569985088742
KO,finrl_ppo,0.0242024102445646,0.008143845801062088,0.43588964282767817,0.03029155843433074
KO,finrl_a2c,0.27977269097747803,0.0872659003597025,0.5661374899714957,0.1785181090036708
KO,finrl_sac,0.27977269097747803,0.0872659003597025,0.5661374899714957,0.1785181090036708
KO,finrl_td3,0.27977269097747803,0.0872659003597025,0.5661374899714957,0.1785181090036708
KO,finrl_ddpg,0.27977269097747803,0.0872659003597025,0.5661374899714957,0.1785181090036708
MSFT,buy_and_hold,11.333989224840511,0.19766577883378345,0.8044426062835048,0.37556466105038566
MSFT,macd,0.5651867684693404,0.03268734038244325,0.26994390658491707,0.3600253407822063
MSFT,arima,-0.43222165864199635,-0.18387534104932568,-0.4093702956945481,0.5737191782030782
MSFT,gp,-0.6866327075434508,-0.34068009478075467,-1.0228548204363308,0.7413018180012484
MSFT,lightgbm,-0.28099128843967114,-0.11243063326834823,-0.1741304263984559,0.5398987931468573
MSFT,lstm,0.42804172882787883,0.1364439336683143,0.9818598851373069,0.1349449914919661
MSFT,transformer,-0.11726159423054305,-0.04378602883200455,-0.10331052373960325,0.2059807111067666
MSFT,eata,1.5011242550277677,0.25786101988911003,0.8498318095764933,0.2717507624971549
MSFT,finrl_ppo,0.3546796177587286,0.11495833306928027,0.5344355443919906,0.37410164984192246
MSFT,finrl_a2c,0.5021683728793334,0.15703690896219147,0.6526166770982773,0.3755325254622985
MSFT,finrl_sac,0.0,0.0,0.0,0.0
MSFT,finrl_td3,0.5021683728793334,0.15703690896219147,0.6526166770982773,0.3755325254622985
MSFT,finrl_ddpg,0.0,0.0,0.0,0.0
MSFT,buy_and_hold,0.5611381373598765,0.1633142730128916,0.6086795153469179,0.3755646610503873
MSFT,macd,-0.030629805858402692,-0.010509603904614084,0.0536042421240848,0.3600253407822058
MSFT,arima,0.028237622781918326,0.04855597398387057,0.3110668689141045,0.2036220883849569
MSFT,gp,0.0,0.0,0.0,0.0
MSFT,lightgbm,0.15118752515205824,0.2816041996964087,0.8781926885151871,0.20082806920565904
MSFT,lstm,-0.16183053572320416,-0.25961619942644054,-1.9669601764904712,0.14476193278965574
MSFT,transformer,0.013472250515774276,0.02304767575596367,0.2168117746002471,0.12630333544475233
MSFT,eata,0.6124134057769748,0.19032164571593535,0.6753395624345989,0.22673209654477272
MSFT,finrl_ppo,-0.06087143783311455,-0.10077048536606792,-0.20396674102470272,0.2675357838303451
MSFT,finrl_a2c,-0.04142297985874921,-0.06905028320025619,-0.06016388414964483,0.2670487133366078
MSFT,finrl_sac,-0.03845292566540526,-0.0641666554147845,-0.03965577167694964,0.2699012594484178
MSFT,finrl_td3,0.0,0.0,0.0,0.0
MSFT,finrl_ddpg,0.0,0.0,0.0,0.0
MSFT,buy_and_hold,0.5611381373598765,0.1633142730128916,0.6086795153469179,0.3755646610503873
MSFT,macd,-0.030629805858402692,-0.010509603904614084,0.0536042421240848,0.3600253407822058
MSFT,arima,-0.0017512890703222928,-0.0005951216873694154,0.1704397555978044,0.573719178203077
MSFT,gp,-0.6442766492998131,-0.29604062202495274,-0.8319772079784861,0.7413018180012484
MSFT,lightgbm,-0.10236742730014259,-0.036941596197367255,0.06530936121820738,0.605832983087783
MSFT,lstm,-0.2752202441835766,-0.10355673044738745,-0.15306150352048184,0.5706476706911776
MSFT,transformer,0.459921189059594,0.13712966384242575,0.6800571938682055,0.1594917251410975
MSFT,eata,-0.2549218470077518,-0.07099354870071695,-0.13375436707869956,0.5532047310155955
MSFT,finrl_ppo,0.522604793304352,0.15326014772232188,0.6007257295435602,0.3755555048459947
MSFT,finrl_a2c,0.5056425005371863,0.14888651860639102,0.5901737778278885,0.3741857695210427
MSFT,finrl_sac,0.0,0.0,0.0,0.0
MSFT,finrl_td3,0.0,0.0,0.0,0.0
MSFT,finrl_ddpg,0.5220555259802551,0.1531190281161341,0.5996121578296333,0.37556411538283213
NFLX,buy_and_hold,72.08169018869164,0.36085514086521453,0.8567291399319862,0.8199042663290899
NFLX,macd,3.73990893807055,0.11819313177290902,0.49783479968460204,0.6301322170514956
NFLX,arima,0.12841702032551705,0.04432398155666384,0.3577661133627504,0.5829195998839851
NFLX,gp,-0.18160342187715972,-0.06941459346331291,0.14033125308921138,0.7594731823071551
NFLX,lightgbm,0.26214920822457377,0.08781870574554884,0.43559823804560793,0.6235292440527322
NFLX,lstm,0.032226741313934326,0.011451143697287725,0.5995718872091369,0.0
NFLX,transformer,0.032226741313934326,0.011451143697287725,0.5995718872091369,0.0
NFLX,eata,2.741755125152592,0.3912690163707009,0.9260032345537379,0.3315115511847043
NFLX,finrl_ppo,-0.31485812932606494,-0.12676070716404242,-0.026035811965951793,0.7593898452050938
NFLX,finrl_a2c,-0.12680514549151456,-0.04744405956755904,0.16399443035643507,0.7502567351539127
NFLX,finrl_sac,-0.1218283939095458,-0.04550148247041752,0.17619563522830342,0.7594139522872746
NFLX,finrl_td3,0.0,0.0,0.0,0.0
NFLX,finrl_ddpg,0.0,0.0,0.0,0.0
NFLX,buy_and_hold,-0.054455570140465426,-0.01883728471733559,0.23603840451692287,0.7594731823071551
NFLX,macd,-0.14453989617038987,-0.05163939850624277,-0.010125245757983941,0.47470959468824275
NFLX,arima,-0.11540901879651311,-0.18844431730465283,-0.06524090311087972,0.48306667468564723
NFLX,gp,0.0,0.0,0.0,0.0
NFLX,lightgbm,1.013476428691284,2.432622838948821,2.470083109566681,0.18309036872716758
NFLX,lstm,-0.11907695605636581,-0.19416572777942132,-1.4690812309429782,0.09108618981394886
NFLX,transformer,0.21762196674974454,0.3983063226999968,1.2629282502469252,0.18309039900057072
NFLX,eata,1.1087550869293192,0.3127097886970214,0.7806867850294651,0.3996882441268361
NFLX,finrl_ppo,0.3694737528219447,0.701962174899698,1.7432301727813604,0.12743537775418853
NFLX,finrl_a2c,0.0,0.0,0.0,0.0
NFLX,finrl_sac,0.6507394478838502,1.3342872182297802,1.967104753330179,0.14719954527545437
NFLX,finrl_td3,0.0,0.0,0.0,0.0
NFLX,finrl_ddpg,0.0,0.0,0.0,0.0
NFLX,buy_and_hold,-0.054455570140465426,-0.01883728471733559,0.23603840451692287,0.7594731823071551
NFLX,macd,-0.14453989617038987,-0.05163939850624277,-0.010125245757983941,0.47470959468824275
NFLX,arima,0.6111700979518331,0.17584454060673105,0.5632460055920986,0.6235292440527327
NFLX,gp,-0.8567460473543201,-0.4831140836844706,-1.003796931290258,0.8759310730986409
NFLX,lightgbm,0.2031855268477496,0.06659549275368226,0.36865390920900304,0.5654403734493061
NFLX,lstm,0.8302530851786056,0.22787661810789994,0.6753016594353718,0.5393611629406141
NFLX,transformer,0.0,0.0,0.0,0.0
NFLX,eata,2.5194965293121365,0.3701111661475158,0.8919863986816647,0.4004028214524363
NFLX,finrl_ppo,-0.12439971035281328,-0.04405666854935242,0.1753882868372207,0.7583141204254179
NFLX,finrl_a2c,0.0,0.0,0.0,0.0
NFLX,finrl_sac,-0.1021147376067505,-0.03587327411971186,0.19985575225974625,0.7593906166624532
NFLX,finrl_td3,0.0,0.0,0.0,0.0
NFLX,finrl_ddpg,0.0,0.0,0.0,0.0
NVDA,buy_and_hold,77.66131017769808,0.36806247468240616,0.9140929335187107,0.6636205855761292
NVDA,macd,4.127936657139383,0.12452791746784864,0.5284950824509266,0.5594245977297513
NVDA,arima,-0.7398414488474894,-0.3832836338522727,-0.5745873410773477,0.8416516065788858
NVDA,gp,-0.8135204439916787,-0.45276317806650757,-0.7864205938772297,0.8621103824756745
NVDA,lightgbm,-0.7417175396781124,-0.38702436581450095,-0.5912524209149321,0.8691635653952644
NVDA,lstm,-0.20785181930797703,-0.0802408801570117,-0.3786096373519978,0.2685227147303053
NVDA,transformer,0.04910591622972804,0.017357539311811054,0.20666167988666304,0.31574605197822336
NVDA,eata,4.743434881359097,0.5487502838071325,1.080250680771323,0.48191160331038524
NVDA,finrl_ppo,0.1994703350633693,0.06736971135793768,0.3646621140007117,0.656540932892228
NVDA,finrl_a2c,1.003815914746124,0.2829362594120326,0.7567564715138894,0.6562132558249927
NVDA,finrl_sac,0.0,0.0,0.0,0.0
NVDA,finrl_td3,0.0,0.0,0.0,0.0
NVDA,finrl_ddpg,0.0,0.0,0.0,0.0
NVDA,buy_and_hold,1.8558209503151604,0.4281589887149413,0.917588138078222,0.6636205855761291
NVDA,macd,0.5892120126793472,0.17037734793168946,0.601086532801516,0.5219323345127329
NVDA,arima,0.6630699841323977,1.3776337040287645,1.7361109742476752,0.2894753462053353
NVDA,gp,0.0,0.0,0.0,0.0
NVDA,lightgbm,0.019737468890719256,0.03504334846364121,0.3549115161331516,0.4053180749209074
NVDA,lstm,-0.17436012467622486,-0.2783622708620499,-0.784531124507264,0.4146522377145527
NVDA,transformer,0.01776173773354217,0.030431363064725492,0.24941711704542083,0.2037055599397986
NVDA,eata,1.417616379028321,0.37980307568060057,0.8538378161137897,0.43623948522629197
NVDA,finrl_ppo,0.03538424055615241,0.06057375809930354,0.5353318750358294,0.10073295398422227
NVDA,finrl_a2c,0.009345143059905858,0.015856210789844782,0.2826373654066083,0.4144807094629242
NVDA,finrl_sac,0.0,0.0,0.0,0.0
NVDA,finrl_td3,0.0,0.0,0.0,0.0
NVDA,finrl_ddpg,0.00872606408785992,0.014802647126824997,0.2813638274257044,0.4157151814999612
NVDA,buy_and_hold,1.8558209503151604,0.4281589887149413,0.917588138078222,0.6636205855761291
NVDA,macd,0.5892120126793472,0.17037734793168946,0.601086532801516,0.5219323345127329
NVDA,arima,-0.7049245191452409,-0.3393411040851222,-0.461671211931567,0.8686359847641429
NVDA,gp,1.9360275281392347,0.441656945542789,0.9350182710285604,0.6185218314524286
NVDA,lightgbm,-0.6338407749180888,-0.2954397013750889,-0.37753835198047553,0.8416516065788857
NVDA,lstm,-0.6910561482179596,-0.32895515010371534,-0.46039423688512254,0.8403575010895113
NVDA,transformer,0.13513605944469287,0.043988031829955254,0.29584089235321454,0.3322412274753838
NVDA,eata,4.743434881359097,0.5487502838071325,1.080250680771323,0.48191160331038524
NVDA,finrl_ppo,0.6478307421218454,0.18459332328838363,0.5980897357620693,0.6636063231432386
NVDA,finrl_a2c,0.0,0.0,0.0,0.0
NVDA,finrl_sac,0.0,0.0,0.0,0.0
NVDA,finrl_td3,0.0,0.0,0.0,0.0
NVDA,finrl_ddpg,0.0,0.0,0.0,0.0
SCHW,buy_and_hold,3.9483931354311776,0.12165415096863685,0.5043626518157462,0.5229065240413309
SCHW,macd,1.2377442776766494,0.05953326611983134,0.3653406819070455,0.5924085041359066
SCHW,arima,-0.48143577617116984,-0.21001030058346104,-0.35604547864264185,0.6174828202568297
SCHW,gp,-0.6272256836542507,-0.298286072777424,-0.6370607300832695,0.7673646676379571
SCHW,lightgbm,0.11912883211915215,0.04153188562117216,0.30167347871872646,0.43624832565332644
SCHW,lstm,0.3839880873878083,0.12373238122410735,0.665572597534207,0.13691556611304634
SCHW,transformer,-0.05196001363518621,-0.018972089233406653,-0.06810824629350853,0.15114495842498327
SCHW,eata,4.197011048267364,0.5104839139441499,1.3542174639451194,0.22589913251669788
SCHW,finrl_ppo,0.0,0.0,0.0,0.0
SCHW,finrl_a2c,0.0,0.0,0.0,0.0
SCHW,finrl_sac,0.9682434295303153,0.2747252437459613,0.9746384360423203,0.37202883603029757
SCHW,finrl_td3,0.9682434295303153,0.2747252437459613,0.9746384360423203,0.37202883603029757
SCHW,finrl_ddpg,0.0,0.0,0.0,0.0
SCHW,buy_and_hold,0.6600664151218005,0.18784450058213165,0.6214514672969946,0.4197959121392695
SCHW,macd,0.5323282574016954,0.15597827302144762,0.6882225608474057,0.22242274691157224
SCHW,arima,0.012229589553552911,0.0209127226914827,0.22538813900769247,0.20719815792623802
SCHW,gp,0.0,0.0,0.0,0.0
SCHW,lightgbm,0.12539639428860627,0.23143792233863603,0.8030960161764964,0.16130603328923665
SCHW,lstm,0.07274919156495097,0.12701412881429586,1.1415051187695877,0.056364956442625694
SCHW,transformer,0.12405445234424617,0.22032570233564042,1.1365677810144355,0.1354571492999559
SCHW,eata,0.6121684794998179,0.19025570301027162,0.6062564699911824,0.302919865171487
SCHW,finrl_ppo,0.043563602885986485,0.07478252217455794,1.2596551078199536,0.029159120343898767
SCHW,finrl_a2c,0.11708869839998615,0.20595044461839884,1.3057571453899695,0.07508325637583645
SCHW,finrl_sac,0.0,0.0,0.0,0.0
SCHW,finrl_td3,0.0,0.0,0.0,0.0
SCHW,finrl_ddpg,0.0,0.0,0.0,0.0
SCHW,buy_and_hold,0.6600664151218005,0.18784450058213165,0.6214514672969946,0.4197959121392695
SCHW,macd,0.5323282574016954,0.15597827302144762,0.6882225608474057,0.22242274691157224
SCHW,arima,-0.29902553893471007,-0.11366689236483507,-0.0847020928907741,0.5441332477476084
SCHW,gp,0.6600664151218005,0.18784450058213165,0.6214514672969946,0.4197959121392695
SCHW,lightgbm,-0.11170638186071857,-0.0404458234020203,0.10458122071460225,0.40817767936043725
SCHW,lstm,-0.10251172106928041,-0.03606552720730993,0.11223933166676184,0.5504997223525209
SCHW,transformer,0.5910434647647562,0.17083524839384046,0.7408790897600556,0.18585246862502175
SCHW,eata,4.197011048267364,0.5104839139441499,1.3542174639451194,0.22589913251669788
SCHW,finrl_ppo,0.3173095453372008,0.09797889184614617,0.5279239728603903,0.35504155156366674
SCHW,finrl_a2c,0.0,0.0,0.0,0.0
SCHW,finrl_sac,1.02676883569741,0.27074210387313835,0.9480248276956282,0.3720291857763118
SCHW,finrl_td3,1.02676883569741,0.27074210387313835,0.9480248276956282,0.3720291857763118
SCHW,finrl_ddpg,0.0,0.0,0.0,0.0
XOM,buy_and_hold,0.2901764161993623,0.018460143308636878,0.19932299659235642,0.6986970531663861
XOM,macd,0.498593514741553,0.02946882457125799,0.2522418322810917,0.3972290876020641
XOM,arima,-0.4515573763886991,-0.19396334947325178,-0.3183093508408646,0.6221896138673034
XOM,gp,0.9548997725129311,0.27205599585737006,0.7912968055683787,0.423273680547895
XOM,lightgbm,0.18771947609631146,0.06417429672499075,0.35503425603446953,0.4738161055385817
XOM,lstm,0.11640749503625347,0.04032045720917088,0.30386881102985636,0.2064005703077704
XOM,transformer,0.0,0.0,0.0,0.0
XOM,eata,11.144758739780432,0.8679551120127365,2.1100785339711954,0.1750098464689468
XOM,finrl_ppo,0.3487371112938069,0.11320263814292209,1.0006635338143437,0.11226872798146183
XOM,finrl_a2c,0.0,0.0,0.0,0.0
XOM,finrl_sac,0.0,0.0,0.0,0.0
XOM,finrl_td3,1.5256494679024573,0.39391455236518835,1.2646118930091128,0.22987203418287663
XOM,finrl_ddpg,0.0,0.0,0.0,0.0
XOM,buy_and_hold,0.4856135340506138,0.1438869830097791,0.5336604771140115,0.5562297228151828
XOM,macd,0.9495712849306577,0.2544977584641386,0.9175152698471489,0.2547408184377606
XOM,arima,-0.11868700444024627,-0.19355825775738378,-0.43823883379236067,0.2629889269298241
XOM,gp,0.0,0.0,0.0,0.0
XOM,lightgbm,-0.009397557521148459,-0.016501372739614495,0.1287884780533069,0.262988926929824
XOM,lstm,0.04918040984521577,0.08517966191382476,1.7865241489191284,0.015850603580474854
XOM,transformer,-0.040442510384279595,-0.06787910709341805,-0.22917235827995902,0.20374796975044485
XOM,eata,2.722963606060027,0.6150901943762181,1.44247036482601,0.2375533768209513
XOM,finrl_ppo,0.06567382833082602,0.11357710388145548,0.8448194633272956,0.07368661554330071
XOM,finrl_a2c,0.030404550153160237,0.051961182752482626,0.8015862251727862,0.03550227316258798
XOM,finrl_sac,0.1360804790588681,0.2408292735055262,1.0482388054852083,0.13279511552212794
XOM,finrl_td3,0.13680742825576764,0.24217240118849515,1.0519005090950375,0.13279511552212794
XOM,finrl_ddpg,0.13680742825576764,0.24217240118849515,1.0519005090950375,0.13279511552212794
XOM,buy_and_hold,0.4856135340506138,0.1438869830097791,0.5336604771140115,0.5562297228151828
XOM,macd,0.9495712849306577,0.2544977584641386,0.9175152698471489,0.2547408184377606
XOM,arima,-0.3406490423639832,-0.13190367854246743,-0.14244302673602657,0.5494269428667675
XOM,gp,0.20756101888314138,0.06614967748370604,0.36105036378619865,0.46097796307518
XOM,lightgbm,0.19988114100244014,0.0655735911999864,0.35879036622254473,0.4986449706290198
XOM,lstm,-0.23987278421908675,-0.08894145757125838,-0.04263349380632408,0.5012887041781557
XOM,transformer,0.0,0.0,0.0,0.0
XOM,eata,11.144758739780432,0.8679551120127365,2.1100785339711954,0.1750098464689468
XOM,finrl_ppo,1.2265542100336608,0.31191358320860996,1.1207807405819923,0.21212501462824165
XOM,finrl_a2c,0.0,0.0,0.0,0.0
XOM,finrl_sac,0.0,0.0,0.0,0.0
XOM,finrl_td3,1.3376088671283908,0.33375083447860976,1.062805332678714,0.3261968471587082
XOM,finrl_ddpg,0.0,0.0,0.0,0.0
