,value
2014-02-05,993993.58
2014-02-06,998665.24
2014-02-07,1007897.33
2014-02-10,1016017.12
2014-02-11,1023135.84
2014-02-12,1025582.8999999999
2014-02-13,1032812.8499999999
2014-02-14,1037484.5099999999
2014-02-18,1038374.3499999999
2014-02-19,1028252.4199999999
2014-02-20,1028363.6499999999
2014-02-21,1029587.1799999999
2014-02-24,1020911.24
2014-02-25,1019354.0199999999
2014-02-26,1023135.84
2014-02-27,1021801.08
2014-02-28,1012791.45
2014-03-03,1025137.9799999999
2014-03-04,1009788.24
2014-03-05,1021022.4699999999
2014-03-06,1020021.4
2014-03-07,1008231.0199999999
2014-03-10,1015127.2799999998
2014-03-11,1017574.34
2014-03-12,1035184.4499999997
2014-03-13,1053036.9699999997
2014-03-14,1058426.4099999997
2014-03-17,1064601.8099999996
2014-03-18,1060784.2899999996
2014-03-19,1047647.5299999998
2014-03-20,1050342.25
2014-03-21,1061907.0899999999
2014-03-24,1056405.3699999996
2014-03-25,1061907.0899999999
2014-03-26,1054159.7699999996
2014-03-27,1062356.21
2014-03-28,1063591.2899999996
2014-03-31,1073696.4899999998
2014-04-01,1065163.21
2014-04-02,1055956.25
2014-04-03,1064040.41
2014-04-04,1059436.93
2014-04-07,1071900.01
2014-04-08,1042707.21
2014-04-09,1043493.1699999999
2014-04-10,1050903.65
2014-04-11,1048299.6600000001
2014-04-14,1058875.98
2014-04-15,1071325.19
2014-04-16,1078706.58
2014-04-17,1064164.1400000001
2014-04-21,1065155.6700000002
2014-04-22,1061520.06
2014-04-23,1062842.1
2014-04-24,1065265.84
2014-04-25,1076062.5000000002
2014-04-28,1071655.7
2014-04-29,1079367.6
2014-04-30,1100079.56
2014-05-01,1101401.6
2014-05-02,1079587.94
2014-05-05,1079147.2600000002
2014-05-06,1078155.73
2014-05-07,1093579.5300000003
2014-05-08,1085096.44
2014-05-09,1067799.7500000002
2014-05-12,1085977.8000000003
2014-05-13,1083003.2100000004
2014-05-14,1077164.2000000004
2014-05-15,1080909.9800000004
2014-05-16,1077274.3700000003
2014-05-19,1098206.6700000004
2014-05-20,1080248.9600000004
2014-05-21,1080799.8100000003
2014-05-22,1076833.6900000002
2014-05-23,1078816.7500000005
2014-05-27,1078045.5600000003
2014-05-28,1068901.4500000004
2014-05-29,1077825.2200000004
2014-05-30,1068901.4500000004
2014-06-02,1070884.5100000002
2014-06-03,1071104.8500000003
2014-06-04,1069342.1300000004
2014-06-05,1064384.4800000004
2014-06-06,1068020.0900000003
2014-06-09,1079698.1100000003
2014-06-10,1086308.3100000003
2014-06-11,1096003.2700000003
2014-06-12,1088071.0300000003
2014-06-13,1075291.3100000003
2014-06-16,1071104.8500000003
2014-06-17,1064604.8200000003
2014-06-18,1085508.49
2014-06-19,1090625.85
2014-06-20,1088774.89
2014-06-23,1084855.21
2014-06-24,1096832.01
2014-06-25,1107937.77
2014-06-26,1104126.97
2014-06-27,1106304.57
2014-06-30,1115886.01
2014-07-01,1104671.37
2014-07-02,1085617.37
2014-07-03,1069503.1300000001
2014-07-07,1063405.8499999999
2014-07-08,1058832.89
2014-07-09,1060892.3699999999
2014-07-10,1066903.41
2014-07-11,1062395.13
2014-07-14,1045757.4299999999
2014-07-15,1055418.0299999998
2014-07-16,1059711.63
2014-07-17,1089122.7899999998
2014-07-18,1076241.9899999998
2014-07-21,1072778.3399999999
2014-07-22,1069190.9099999997
2014-07-23,1070060.5899999999
2014-07-24,1067560.26
2014-07-25,1070495.43
2014-07-28,1058211.2
2014-07-29,1071038.9799999997
2014-07-30,1093433.2399999998
2014-07-31,1120067.19
2014-08-01,1118327.83
2014-08-04,1118327.83
2014-08-05,1134199.4899999998
2014-08-06,1136808.5299999998
2014-08-07,1119197.5099999998
2014-08-08,1103108.4299999997
2014-08-11,1109196.19
2014-08-12,1109087.48
2014-08-13,1099847.13
2014-08-14,1095063.89
2014-08-15,1092998.4
2014-08-18,1095607.44
2014-08-19,1082779.66
2014-08-20,1078213.8399999999
2014-08-21,1075278.67
2014-08-22,1079300.94
2014-08-25,1073539.3099999998
2014-08-26,1089302.26
2014-08-27,1087454.19
2014-08-28,1080496.7499999998
2014-08-29,1070495.43
2014-09-02,1083758.0499999998
2014-09-03,1079735.78
2014-09-04,1077392.2600000002
2014-09-05,1085037.4600000002
2014-09-08,1077503.06
2014-09-09,1060439.86
2014-09-10,1059553.4600000002
2014-09-11,1065425.86
2014-09-12,1042711.86
2014-09-15,1043598.2600000001
2014-09-16,1054124.26
2014-09-17,1055897.06
2014-09-18,1048030.2600000001
2014-09-19,1054235.06
2014-09-22,1048473.4600000002
2014-09-23,1047697.8600000001
2014-09-24,1043598.2600000001
2014-09-25,1032075.06
2014-09-26,1035399.06
2014-09-29,1037171.86
2014-09-30,1040274.26
2014-10-01,1044817.0600000002
2014-10-02,1039055.4600000001
2014-10-03,1044152.2600000001
2014-10-06,1037836.66
2014-10-07,1030745.4600000001
2014-10-08,1056229.46
2014-10-09,1037061.0600000002
2014-10-10,1037504.26
2014-10-13,1028197.0600000002
2014-10-14,1028307.86
2014-10-15,1045149.4600000001
2014-10-16,1027975.46
2014-10-17,1018225.06
2014-10-20,1008474.6600000001
2014-10-21,1004153.4600000002
2014-10-22,1015207.5700000001
2014-10-23,1028564.16
2014-10-24,1034453.68
2014-10-27,1031614.0900000001
2014-10-28,1042551.77
2014-10-29,1036977.76
2014-10-30,1050755.03
2014-10-31,1054015.3
2014-11-03,1060220.33
2014-11-04,1061797.88
2014-11-05,1103024.52
2014-11-06,1093243.7100000002
2014-11-07,1101446.9700000002
2014-11-10,1110701.93
2014-11-11,1102183.16
2014-11-12,1084199.09
2014-11-13,1075575.15
2014-11-14,1071158.01
2014-11-17,1085461.13
2014-11-18,1086828.34
2014-11-19,1090719.63
2014-11-20,1083883.58
2014-11-21,1091035.14
2014-11-24,1085566.3
2014-11-25,1081675.01
2014-11-26,1085355.9600000002
2014-11-28,1097871.1900000002
2014-12-01,1102288.33
2014-12-02,1105443.43
2014-12-03,1097871.1900000002
2014-12-04,1088405.89
2014-12-05,1082516.37
2014-12-08,1090298.9500000002
2014-12-09,1099974.59
2014-12-10,1104286.56
2014-12-11,1093348.88
2014-12-12,1110912.27
2014-12-15,1112489.82
2014-12-16,1108072.6800000002
2014-12-17,1086618.0
2014-12-18,1062113.39
2014-12-19,1057696.25
2014-12-22,1058600.7800000003
2014-12-23,1062397.7400000002
2014-12-24,1078984.4600000004
2014-12-26,1092073.9800000004
2014-12-29,1104164.3000000003
2014-12-30,1077485.6600000001
2014-12-31,1093273.02
2015-01-02,1089276.2200000002
2015-01-05,1100567.1800000002
2015-01-06,1096470.4600000002
2015-01-07,1073757.4200000002
2015-01-08,1080283.4200000002
2015-01-09,1092632.6199999996
2015-01-12,1095343.4199999997
2015-01-13,1081045.1199999996
2015-01-14,1087726.2999999996
2015-01-15,1083575.8699999996
2015-01-16,1095521.0099999995
2015-01-20,1102708.3399999996
2015-01-21,1112426.4199999995
2015-01-22,1108984.5999999994
2015-01-23,1108275.9899999995
2015-01-26,1111009.1999999995
2015-01-27,1125890.0099999995
2015-01-28,1140264.6699999992
2015-01-29,1122650.6499999992
2015-01-30,1147148.3099999991
2015-02-02,1138746.2199999993
2015-02-03,1141530.249999999
2015-02-04,1133247.049999999
2015-02-05,1136042.629999999
2015-02-06,1095558.489999999
2015-02-09,1105912.4899999988
2015-02-10,1071640.7499999988
2015-02-11,1100321.329999999
2015-02-12,1097422.2099999988
2015-02-13,1115231.089999999
2015-02-17,1117301.889999999
2015-02-18,1085515.109999999
2015-02-19,1096490.349999999
2015-02-20,1094730.169999999
2015-02-23,1090692.109999999
2015-02-24,1089760.2499999988
2015-02-25,1113574.4499999988
2015-02-26,1116680.649999999
2015-02-27,1116887.729999999
2015-03-02,1136767.4099999988
2015-03-03,1132625.809999999
2015-03-04,1138320.5099999988
2015-03-05,1130658.5499999989
2015-03-06,1166172.7699999989
2015-03-09,1163791.3499999987
2015-03-10,1173524.109999999
2015-03-11,1173627.649999999
2015-03-12,1147328.4899999988
2015-03-13,1146396.629999999
2015-03-16,1121961.189999999
2015-03-17,1118751.4499999988
2015-03-18,1158401.569999999
2015-03-19,1143014.4499999988
2015-03-20,1148540.8099999987
2015-03-23,1145831.8099999987
2015-03-24,1146915.4099999985
2015-03-25,1162302.5299999984
2015-03-26,1169887.7299999986
2015-03-27,1161002.2099999983
2015-03-30,1156970.6299999987
2015-03-31,1149348.8899999987
2015-04-01,1157191.5499999986
2015-04-02,1157081.0899999987
2015-04-06,1165807.4299999988
2015-04-07,1151999.9299999988
2015-04-08,1149238.4299999988
2015-04-09,1148907.0499999986
2015-04-10,1158737.9899999988
2015-04-13,1146035.0899999987
2015-04-14,1152773.1499999987
2015-04-15,1150784.8699999987
2015-04-16,1146145.5499999986
2015-04-17,1139407.4899999988
2015-04-20,1154319.5899999987
2015-04-21,1142168.9899999988
2015-04-22,1140953.9299999988
2015-04-23,1151889.4699999988
2015-04-24,1160394.8899999987
2015-04-27,1146808.3099999987
2015-04-28,1149901.1899999985
2015-04-29,1134436.7899999986
2015-04-30,1114885.3699999987
2015-05-01,1125379.0699999987
2015-05-04,1135099.5499999986
2015-05-05,1106269.4899999988
2015-05-06,1104943.9699999988
2015-05-07,1111240.1899999985
2015-05-08,1134989.0899999992
2015-05-11,1148244.289999999
2015-05-12,1149348.8899999992
2015-05-13,1146145.549999999
2015-05-14,1136425.0699999991
2015-05-15,1124716.3099999991
2015-05-18,1122948.949999999
2015-05-19,1120629.289999999
2015-05-20,1120518.8299999991
2015-05-21,1124495.3899999992
2015-05-22,1123722.169999999
2015-05-26,1136977.369999999
2015-05-27,1139186.5699999991
2015-05-28,1123280.3299999991
2015-05-29,1126918.509999999
2015-06-01,1140021.5999999992
2015-06-02,1125597.189999999
2015-06-03,1103575.189999999
2015-06-04,1093995.619999999
2015-06-05,1111613.219999999
2015-06-08,1106290.769999999
2015-06-09,1107079.949999999
2015-06-10,1117564.769999999
2015-06-11,1123765.469999999
2015-06-12,1117564.7699999993
2015-06-15,1118917.6499999992
2015-06-16,1114295.3099999994
2015-06-17,1101104.7299999993
2015-06-18,1116133.6499999994
2015-06-19,1101945.4499999993
2015-06-22,1099762.6499999994
2015-06-23,1083719.0699999994
2015-06-24,1094633.0699999994
2015-06-25,1100526.6299999994
2015-06-26,1092777.6899999992
2015-06-29,1098562.1099999992
2015-06-30,1100090.0699999994
2015-07-01,1095724.4699999993
2015-07-02,1076188.4099999992
2015-07-06,1073569.0499999993
2015-07-07,1047157.1699999992
2015-07-08,1057307.1899999992
2015-07-09,1065710.9699999993
2015-07-10,1060690.5299999993
2015-07-13,1056238.029999999
2015-07-14,1056445.189999999
2015-07-15,1064524.429999999
2015-07-16,1081718.7099999993
2015-07-17,1073639.469999999
2015-07-20,1068460.469999999
2015-07-21,1057895.3099999991
2015-07-22,1064835.169999999
2015-07-23,1057273.829999999
2015-07-24,1059449.009999999
2015-07-27,1072085.769999999
2015-07-28,1078196.989999999
2015-07-29,1083375.989999999
2015-07-30,1086483.3899999992
2015-07-31,1100052.3699999992
2015-08-03,1074053.7899999993
2015-08-04,1062186.7899999993
2015-08-05,1056404.7699999993
2015-08-06,1054311.2799999993
2015-08-07,1066772.5299999993
2015-08-10,1062087.0999999994
2015-08-11,1063083.9999999993
2015-08-12,1080729.1299999994
2015-08-13,1085913.0099999993
2015-08-14,1087109.2899999993
2015-08-17,1091994.0999999994
2015-08-18,1091794.7199999993
2015-08-19,1087408.3599999992
2015-08-20,1079233.7799999993
2015-08-21,1066373.7699999993
2015-08-24,1026697.1499999994
2015-08-25,1051918.7199999993
2015-08-26,1040454.3699999995
2015-08-27,1034472.9699999994
2015-08-28,1038859.3299999995
2015-08-31,1072853.6199999996
2015-09-01,1103358.7599999995
2015-09-02,1106449.1499999994
2015-09-03,1105153.1799999995
2015-09-04,1110636.1299999994
2015-09-08,1086012.6999999993
2015-09-09,1103857.2099999995
2015-09-10,1103358.7599999995
2015-09-11,1098374.2599999995
2015-09-14,1095582.9399999995
2015-09-15,1094586.0399999996
2015-09-16,1081825.7199999993
2015-09-17,1069962.6099999994
2015-09-18,1084018.8999999994
2015-09-21,1076442.4599999995
2015-09-22,1086411.4599999995
2015-09-23,1087109.2899999996
2015-09-24,1081726.0299999993
2015-09-25,1070859.8199999994
2015-09-28,1081426.9599999995
2015-09-29,1089003.3999999994
2015-09-30,1081426.9599999995
2015-10-01,1091395.9599999995
2015-10-02,1071557.6499999994
2015-10-05,1049825.2299999995
2015-10-06,1058498.2599999995
2015-10-07,1057700.7399999993
2015-10-08,1075140.6699999995
2015-10-09,1077272.6699999995
2015-10-12,1081536.6699999995
2015-10-13,1079298.0699999994
2015-10-14,1075993.4699999995
2015-10-15,1100191.6699999995
2015-10-16,1105095.2699999993
2015-10-19,1106267.8699999994
2015-10-20,1108080.0699999994
2015-10-21,1110851.6699999995
2015-10-22,1126948.2699999993
2015-10-23,1114689.2699999996
2015-10-26,1107120.6699999995
2015-10-27,1109785.6699999995
2015-10-28,1097526.6699999995
2015-10-29,1085054.4699999995
2015-10-30,1094435.2699999993
2015-11-02,1089851.4699999995
2015-11-03,1090704.2699999996
2015-11-04,1100404.8699999994
2015-11-05,1108506.4699999997
2015-11-06,1143258.0699999996
2015-11-09,1148748.5899999999
2015-11-10,1149793.8499999999
2015-11-11,1143522.29
2015-11-12,1131792.1500000001
2015-11-13,1135276.35
2015-11-16,1115648.69
2015-11-17,1131559.87
2015-11-18,1143754.57
2015-11-19,1128772.5100000002
2015-11-20,1128424.09
2015-11-23,1134579.5100000002
2015-11-24,1147122.6300000001
2015-11-25,1153278.0500000003
2015-11-27,1147587.19
2015-11-30,1141896.33
2015-12-01,1133650.3900000001
2015-12-02,1163614.5100000002
2015-12-03,1181848.49
2015-12-04,1161872.4100000001
2015-12-07,1156878.3900000001
2015-12-08,1147935.61
2015-12-09,1154671.73
2015-12-10,1168143.9700000002
2015-12-11,1170350.6300000001
2015-12-14,1163730.6500000001
2015-12-15,1155136.29
2015-12-16,1196288.02
2015-12-17,1193518.18
2015-12-18,1178514.88
2015-12-21,1180707.67
2015-12-22,1187747.68
2015-12-23,1200096.5499999998
2015-12-24,1199519.5
2015-12-28,1200211.9599999997
2015-12-29,1207829.02
2015-12-30,1210829.68
2015-12-31,1199057.8599999999
2016-01-04,1195364.7399999998
2016-01-05,1207021.15
2016-01-06,1203097.2099999997
2016-01-07,1208406.0699999998
2016-01-08,1213830.3399999999
2016-01-11,1218562.15
2016-01-12,1216253.9499999997
2016-01-13,1207482.79
2016-01-14,1219831.66
2016-01-15,1214869.03
2016-01-19,1244298.5799999998
2016-01-20,1215446.0799999998
2016-01-21,1212330.01
2016-01-22,1230333.9699999997
2016-01-25,1228256.5899999999
2016-01-26,1229872.3299999998
2016-01-27,1231834.2999999998
2016-01-28,1249953.67
2016-01-29,1289308.4799999997
2016-02-01,1303965.5499999998
2016-02-02,1314698.68
2016-02-03,1324393.1199999999
2016-02-04,1310197.69
2016-02-05,1311236.38
2016-02-08,1317699.3399999999
2016-02-09,1331317.7199999997
2016-02-10,1312736.7099999997
2016-02-11,1291501.27
2016-02-12,1288846.8399999999
2016-02-16,1296694.7199999997
2016-02-17,1286077.0
2016-02-18,1319545.9
2016-02-19,1324393.1199999999
2016-02-22,1335357.0699999998
2016-02-23,1340204.29
2016-02-24,1338819.3699999999
2016-02-25,1336972.8099999998
2016-02-26,1298656.69
2016-02-29,1302118.9899999998
2016-03-01,1299579.9699999997
2016-03-02,1296810.13
2016-03-03,1308120.3099999994
2016-03-04,1277305.8399999994
2016-03-07,1284336.4599999995
2016-03-08,1295557.4599999995
2016-03-09,1304646.4699999995
2016-03-10,1298250.4999999995
2016-03-11,1299709.2299999995
2016-03-14,1299933.6499999997
2016-03-15,1297240.6099999994
2016-03-16,1314296.5299999996
2016-03-17,1327873.9399999995
2016-03-18,1329781.5099999995
2016-03-21,1319345.9799999995
2016-03-22,1313398.8499999996
2016-03-23,1320692.4999999995
2016-03-24,1329557.0899999996
2016-03-28,1319458.1899999995
2016-03-29,1335504.2199999995
2016-03-30,1344368.8099999996
2016-03-31,1346164.1699999995
2016-04-01,1342012.3999999997
2016-04-04,1341900.1899999997
2016-04-05,1368493.9599999997
2016-04-06,1364454.3999999997
2016-04-07,1370289.3199999996
2016-04-08,1363332.2999999996
2016-04-11,1369840.4799999995
2016-04-12,1360639.2599999995
2016-04-13,1367035.2299999995
2016-04-14,1370738.1599999995
2016-04-15,1356375.2799999996
2016-04-18,1352560.1399999997
2016-04-19,1349310.1299999997
2016-04-20,1319719.3799999997
2016-04-21,1343026.38
2016-04-22,1325546.13
2016-04-25,1325203.38
2016-04-26,1313207.13
2016-04-27,1297554.88
2016-04-28,1302353.38
2016-04-29,1320711.72
2016-05-02,1326103.0799999998
2016-05-03,1330146.5999999999
2016-05-04,1341827.88
2016-05-05,1334976.3599999999
2016-05-06,1330932.8399999999
2016-05-09,1335425.64
2016-05-10,1343400.3599999999
2016-05-11,1344411.24
2016-05-12,1360809.96
2016-05-13,1356429.48
2016-05-16,1364516.52
2016-05-17,1345422.1199999999
2016-05-18,1325653.7999999998
2016-05-19,1330034.2799999998
2016-05-20,1340367.72
2016-05-23,1325316.8399999999
2016-05-24,1346657.64
2016-05-25,1348904.0399999996
2016-05-26,1340929.3199999996
2016-05-27,1339360.1999999995
2016-05-31,1342489.4799999995
2016-06-01,1342824.7599999995
2016-06-02,1339024.9199999995
2016-06-03,1361265.1599999995
2016-06-06,1360706.3599999994
2016-06-07,1353553.7199999995
2016-06-08,1373782.2799999993
2016-06-09,1385628.8399999994
2016-06-10,1383952.4399999995
2016-06-13,1381270.1999999995
2016-06-14,1396804.8399999994
2016-06-15,1384064.1999999995
2016-06-16,1395351.9599999993
2016-06-17,1398145.9599999993
2016-06-20,1388534.5999999994
2016-06-21,1388869.8799999994
2016-06-22,1381828.9999999993
2016-06-23,1383728.9199999995
2016-06-24,1383617.1599999995
2016-06-27,1429215.2399999993
2016-06-28,1435697.3199999996
2016-06-29,1427762.3599999994
2016-06-30,1457378.7599999995
2016-07-01,1449890.8399999994
2016-07-05,1462631.4799999995
2016-07-06,1462854.9999999993
2016-07-07,1434244.4399999995
2016-07-08,1452126.0399999996
2016-07-11,1449443.7999999993
2016-07-12,1423068.4399999995
2016-07-13,1432456.2799999993
2016-07-14,1422062.5999999994
2016-07-15,1425862.4399999995
2016-07-18,1433350.3599999994
2016-07-19,1431562.1999999995
2016-07-20,1421727.3199999994
2016-07-21,1433462.1199999994
2016-07-22,1450784.9199999995
2016-07-25,1447208.5999999994
2016-07-26,1435362.0399999996
2016-07-27,1421280.2799999993
2016-07-28,1415133.4799999995
2016-07-29,1405410.3599999996
2016-08-01,1403063.3999999994
2016-08-02,1412786.5199999996
2016-08-03,1407645.5599999994
2016-08-04,1414798.1999999995
2016-08-05,1431115.1599999995
2016-08-08,1431115.1599999995
2016-08-09,1430221.0799999996
2016-08-10,1426868.2799999993
2016-08-11,1419603.8799999994
2016-08-12,1422174.3599999994
2016-08-15,1438603.0799999996
2016-08-16,1453467.1599999995
2016-08-17,1433238.5999999994
2016-08-18,1420274.4399999995
2016-08-19,1441285.3199999994
2016-08-22,1441732.3599999994
2016-08-23,1450337.8799999994
2016-08-24,1451678.9999999993
2016-08-25,1447543.8799999994
2016-08-26,1479954.2799999993
2016-08-29,1471907.5599999994
2016-08-30,1484424.6799999995
2016-08-31,1487553.9599999995
2016-09-01,1486883.3999999994
2016-09-02,1463078.5199999996
2016-09-06,1438938.3599999994
2016-09-07,1441508.8399999994
2016-09-08,1437932.5199999996
2016-09-09,1488448.0399999993
2016-09-12,1461290.3599999994
2016-09-13,1480848.3599999994
2016-09-14,1474589.7999999996
2016-09-15,1467548.9199999995
2016-09-16,1460955.0799999996
2016-09-19,1445085.1599999995
2016-09-20,1441397.0799999996
2016-09-21,1410439.5599999994
2016-09-22,1408316.1199999994
2016-09-23,1449529.6799999995
2016-09-26,1443582.9599999995
2016-09-27,1449987.1199999996
2016-09-28,1446441.9599999995
2016-09-29,1414649.8799999994
2016-09-30,1398868.1999999995
2016-10-03,1415679.119999999
2016-10-04,1441181.3999999987
2016-10-05,1445298.3599999987
2016-10-06,1451130.7199999988
2016-10-07,1408703.159999999
2016-10-10,1396809.7199999988
2016-10-11,1415450.3999999987
2016-10-12,1394522.5199999989
2016-10-13,1375653.119999999
2016-10-14,1382514.7199999988
2016-10-17,1382171.639999999
2016-10-18,1370163.839999999
2016-10-19,1369048.9199999985
2016-10-20,1364103.8699999987
2016-10-21,1359488.4899999986
2016-10-24,1366851.1199999987
2016-10-25,1379378.5799999987
2016-10-26,1386851.0999999987
2016-10-27,1374982.9799999986
2016-10-28,1381686.2699999986
2016-10-31,1406631.2999999986
2016-11-01,1383444.5099999986
2016-11-02,1359158.8199999987
2016-11-03,1360917.0599999987
2016-11-04,1381136.819999999
2016-11-07,1364873.099999999
2016-11-08,1369355.5899999992
2016-11-09,1285344.069999999
2016-11-10,1258762.299999999
2016-11-11,1242135.019999999
2016-11-14,1218505.2499999988
2016-11-15,1212050.6499999987
2016-11-16,1220146.2499999986
2016-11-17,1214785.6499999987
2016-11-18,1222334.2499999986
2016-11-21,1219489.8499999987
2016-11-22,1225178.6499999987
2016-11-23,1229664.0499999986
2016-11-25,1215004.4499999986
2016-11-28,1198156.8499999987
2016-11-29,1187545.0499999986
2016-11-30,1220802.6499999987
2016-12-01,1234805.8499999987
2016-12-02,1218833.4499999988
2016-12-05,1212378.8499999987
2016-12-06,1215113.8499999987
2016-12-07,1240191.1299999987
2016-12-08,1231655.3499999987
2016-12-09,1227650.9099999985
2016-12-12,1237767.3899999987
2016-12-13,1254312.0499999986
2016-12-14,1222803.4299999985
2016-12-15,1211211.6299999987
2016-12-16,1191505.5699999987
2016-12-19,1182406.0099999986
2016-12-20,1183199.3699999985
2016-12-21,1176257.4699999986
2016-12-22,1179232.5699999987
2016-12-23,1182505.1799999988
2016-12-27,1182703.5199999986
2016-12-28,1176753.3199999987
2016-12-29,1191926.3299999987
2016-12-30,1184786.0899999985
2017-01-03,1177447.5099999986
2017-01-04,1180918.4599999986
2017-01-05,1180224.2699999986
2017-01-06,1176753.3199999987
2017-01-09,1173778.2199999986
2017-01-10,1176059.1299999985
2017-01-11,1184290.2399999986
2017-01-12,1185182.7699999986
2017-01-13,1180720.1199999985
2017-01-17,1192323.0099999986
2017-01-18,1190438.7799999986
2017-01-19,1183001.0299999986
2017-01-20,1182802.6899999988
2017-01-23,1178042.5299999986
2017-01-24,1178340.0399999986
2017-01-25,1180422.6099999985
2017-01-26,1177745.0199999986
2017-01-27,1203727.5599999987
2017-01-30,1214437.9199999988
2017-01-31,1227032.5099999986
2017-02-01,1216123.8099999987
2017-02-02,1224454.0899999985
2017-02-03,1231891.8399999985
2017-02-06,1228420.8899999985
2017-02-07,1233081.8799999985
2017-02-08,1252618.3699999985
2017-02-09,1236255.3199999987
2017-02-10,1225148.2799999986
2017-02-13,1219892.2699999986
2017-02-14,1219892.2699999986
2017-02-15,1226933.3399999985
2017-02-16,1218008.0399999986
2017-02-17,1211363.6499999987
2017-02-21,1197479.8499999987
2017-02-22,1195694.7899999986
2017-02-23,1188455.3799999987
2017-02-24,1170703.9499999986
2017-02-27,1181513.4799999986
2017-02-28,1170307.2699999986
2017-03-01,1186075.2999999986
2017-03-02,1170902.2899999986
2017-03-03,1172290.6699999985
2017-03-06,1173877.3899999987
2017-03-07,1173778.2199999986
2017-03-08,1185777.7899999986
2017-03-09,1192620.5199999986
2017-03-10,1179629.2499999986
2017-03-13,1175662.4499999986
2017-03-14,1174571.5799999987
2017-03-15,1161381.9699999986
2017-03-16,1181215.9699999986
2017-03-17,1177943.3599999987
2017-03-20,1181315.1399999987
2017-03-21,1161877.8199999987
2017-03-22,1156324.2999999986
2017-03-23,1159497.7399999986
2017-03-24,1152456.6699999985
2017-03-27,1169315.5699999987
2017-03-28,1167728.8499999987
2017-03-29,1174769.9199999985
2017-03-30,1198769.0599999987
2017-03-31,1196388.9799999986
2017-04-03,1192918.0299999986
2017-04-04,1184786.0899999987
2017-04-05,1173877.3899999987
2017-04-06,1182604.3499999987
2017-04-07,1190835.4599999986
2017-04-10,1185876.9599999986
2017-04-11,1186967.8299999987
2017-04-12,1175166.5999999987
2017-04-13,1172588.1799999985
2017-04-17,1171199.7999999986
2017-04-18,1160985.2899999986
2017-04-19,1165348.7699999986
2017-04-20,1171596.4799999986
2017-04-21,1150274.9299999985
2017-04-24,1152952.5199999986
2017-04-25,1151266.6299999987
2017-04-26,1152159.1599999985
2017-04-27,1161324.4699999988
2017-04-28,1161672.3499999987
2017-05-01,1157149.9099999985
2017-05-02,1165672.9699999988
2017-05-03,1159932.9499999988
2017-05-04,1168456.0099999986
2017-05-05,1168369.0399999986
2017-05-08,1173761.1799999985
2017-05-09,1163498.7199999988
2017-05-10,1166977.5199999986
2017-05-11,1171065.1099999985
2017-05-12,1178979.3799999987
2017-05-15,1184023.6399999985
2017-05-16,1182023.3299999987
2017-05-17,1186806.6799999985
2017-05-18,1191068.2099999986
2017-05-19,1194112.1599999985
2017-05-22,1203330.9799999986
2017-05-23,1208636.1499999987
2017-05-24,1218985.5799999987
2017-05-25,1223768.9299999985
2017-05-26,1223855.8999999987
2017-05-30,1223334.0799999987
2017-05-31,1230204.7099999986
2017-06-01,1234205.3299999987
2017-06-02,1241249.8999999987
2017-06-05,1233770.4799999986
2017-06-06,1234379.2699999986
2017-06-07,1240119.2899999986
2017-06-08,1230291.6799999985
2017-06-09,1219768.3099999987
2017-06-12,1212636.7699999986
2017-06-13,1217246.1799999985
2017-06-14,1227682.5799999987
2017-06-15,1233944.4199999988
2017-06-16,1242380.5099999986
2017-06-19,1238466.8599999985
2017-06-20,1234727.1499999987
2017-06-21,1226899.8499999987
2017-06-22,1231509.2599999986
2017-06-23,1244989.6099999985
2017-06-26,1254469.3399999985
2017-06-27,1237423.2199999988
2017-06-28,1226551.9699999988
2017-06-29,1221246.7999999986
2017-06-30,1219855.2799999989
2017-07-03,1224290.7499999986
2017-07-05,1231248.3499999987
2017-07-06,1224725.5999999987
2017-07-07,1216811.329999999
2017-07-10,1212027.9799999988
2017-07-11,1214463.1399999987
2017-07-12,1214202.2299999988
2017-07-13,1215941.6299999987
2017-07-14,1206548.8699999987
2017-07-17,1212549.7999999986
2017-07-18,1208027.3599999987
2017-07-19,1205331.2899999986
2017-07-20,1190720.329999999
2017-07-21,1182979.9999999986
2017-07-24,1193590.3399999987
2017-07-25,1193938.2199999986
2017-07-26,1222310.6199999985
2017-07-27,1215253.7799999986
2017-07-28,1219202.2499999986
2017-07-31,1227351.2199999986
2017-08-01,1232895.8799999985
2017-08-02,1232811.8699999985
2017-08-03,1239532.6699999985
2017-08-04,1232895.8799999985
2017-08-07,1235752.2199999986
2017-08-08,1237936.4799999984
2017-08-09,1237012.3699999985
2017-08-10,1241044.8499999985
2017-08-11,1236508.3099999987
2017-08-14,1243901.1899999985
2017-08-15,1252218.1799999985
2017-08-16,1260031.1099999985
2017-08-17,1248521.7399999986
2017-08-18,1259611.0599999987
2017-08-21,1263979.5799999984
2017-08-22,1267255.9699999986
2017-08-23,1257174.7699999984
2017-08-24,1254402.4399999985
2017-08-25,1261039.2299999984
2017-08-28,1267592.0099999984
2017-08-29,1266247.8499999985
2017-08-30,1265407.7499999986
2017-08-31,1264483.6399999985
2017-09-01,1261543.2899999984
2017-09-05,1262383.3899999985
2017-09-06,1245497.3799999985
2017-09-07,1255914.6199999985
2017-09-08,1245581.3899999985
2017-09-11,1271960.5299999986
2017-09-12,1252890.2599999984
2017-09-13,1259527.0499999984
2017-09-14,1209793.1299999987
2017-09-15,1243481.1399999985
2017-09-18,1258518.9299999985
2017-09-19,1261711.3099999987
2017-09-20,1271624.4899999986
2017-09-21,1271288.4499999986
2017-09-22,1274816.8699999985
2017-09-25,1270952.4099999988
2017-09-26,1263559.5299999986
2017-09-27,1275740.9799999986
2017-09-28,1269524.2399999986
2017-09-29,1273220.6799999985
2017-10-02,1271624.4899999986
2017-10-03,1270364.3399999987
2017-10-04,1256250.6599999988
2017-10-05,1263055.4699999986
2017-10-06,1265491.7599999986
2017-10-09,1261879.3299999984
2017-10-10,1252386.1999999986
2017-10-11,1266222.1199999987
2017-10-12,1273233.9599999986
2017-10-13,1271966.7599999988
2017-10-16,1280161.319999999
2017-10-17,1289876.5199999986
2017-10-18,1288778.2799999986
2017-10-19,1300014.1199999987
2017-10-20,1302464.0399999986
2017-10-23,1304322.5999999987
2017-10-24,1302970.9199999988
2017-10-25,1299929.6399999987
2017-10-26,1295959.0799999987
2017-10-27,1316656.6799999988
2017-10-30,1312601.6399999987
2017-10-31,1310151.7199999986
2017-11-01,1295874.5999999987
2017-11-02,1327470.1199999985
2017-11-03,1303900.1999999986
2017-11-06,1292934.6799999988
2017-11-07,1323836.8699999987
2017-11-08,1318984.4599999986
2017-11-09,1321793.7499999986
2017-11-10,1321027.5799999987
2017-11-13,1334818.6399999985
2017-11-14,1348609.6999999986
2017-11-15,1339756.1799999988
2017-11-16,1341033.1299999985
2017-11-17,1351674.3799999985
2017-11-20,1352695.9399999985
2017-11-21,1350227.1699999985
2017-11-22,1358995.5599999984
2017-11-24,1351759.5099999986
2017-11-27,1356365.8999999985
2017-11-28,1363190.7099999983
2017-11-29,1363017.9299999985
2017-11-30,1365350.4599999983
2017-12-01,1360426.2299999986
2017-12-04,1347467.7299999986
2017-12-05,1358266.4799999986
2017-12-06,1339779.0199999986
2017-12-07,1350580.3299999987
2017-12-08,1357837.6299999985
2017-12-11,1359715.9899999986
2017-12-12,1341103.1499999985
2017-12-13,1355788.5099999981
2017-12-14,1342896.1299999983
2017-12-15,1339054.0299999982
2017-12-18,1356813.0699999982
2017-12-19,1376023.5699999982
2017-12-20,1379951.0499999984
2017-12-21,1372779.1299999983
2017-12-22,1372266.8499999982
2017-12-26,1376877.3699999982
2017-12-27,1365863.3499999982
2017-12-28,1356813.0699999982
2017-12-29,1358179.1499999983
2018-01-02,1367570.9499999983
2018-01-03,1395660.969999998
2018-01-04,1402320.6099999982
2018-01-05,1396429.3899999983
2018-01-08,1407934.3899999983
2018-01-09,1397625.9099999983
2018-01-10,1391643.309999998
2018-01-11,1392471.669999998
2018-01-12,1394128.389999998
2018-01-16,1392103.5099999981
2018-01-17,1379770.149999998
2018-01-18,1389894.549999998
2018-01-19,1395601.0299999982
2018-01-22,1396889.589999998
2018-01-23,1372038.7899999982
2018-01-24,1389250.2699999982
2018-01-25,1368633.309999998
2018-01-26,1326294.909999998
2018-01-29,1344794.949999998
2018-01-30,1350133.2699999982
2018-01-31,1319575.9899999981
2018-02-01,1338720.309999998
2018-02-02,1342585.9899999981
2018-02-05,1357588.5099999981
